hour,nl_demand
1,0
2,8136
3,8166
4,8320
5,8329
6,8335
7,8345
8,8354
9,8354
10,8376
11,8383
12,8392
13,8413
14,8430
15,8457
16,8467
17,8470
18,8492
19,8493
20,8516
21,8524
22,8527
23,8552
24,8560
25,8561
26,8580
27,8584
28,8585
29,8587
30,8590
31,8594
32,8601
33,8602
34,8607
35,8615
36,8617
37,8628
38,8630
39,8635
40,8637
41,8639
42,8651
43,8651
44,8652
45,8652
46,8655
47,8657
48,8661
49,8671
50,8681
51,8684
52,8684
53,8687
54,8689
55,8696
56,8697
57,8702
58,8706
59,8710
60,8717
61,8718
62,8719
63,8721
64,8722
65,8727
66,8736
67,8740
68,8754
69,8755
70,8756
71,8758
72,8760
73,8761
74,8766
75,8767
76,8769
77,8769
78,8771
79,8771
80,8772
81,8772
82,8772
83,8773
84,8774
85,8776
86,8780
87,8782
88,8784
89,8794
90,8797
91,8799
92,8800
93,8806
94,8806
95,8817
96,8819
97,8827
98,8828
99,8829
100,8836
101,8838
102,8838
103,8839
104,8839
105,8847
106,8851
107,8852
108,8853
109,8857
110,8858
111,8858
112,8863
113,8866
114,8876
115,8880
116,8880
117,8883
118,8884
119,8888
120,8889
121,8893
122,8897
123,8897
124,8899
125,8900
126,8900
127,8902
128,8904
129,8909
130,8909
131,8910
132,8910
133,8911
134,8913
135,8917
136,8917
137,8918
138,8920
139,8921
140,8922
141,8925
142,8925
143,8926
144,8926
145,8927
146,8930
147,8931
148,8933
149,8933
150,8936
151,8938
152,8938
153,8938
154,8940
155,8944
156,8947
157,8948
158,8948
159,8954
160,8956
161,8957
162,8960
163,8964
164,8966
165,8971
166,8972
167,8972
168,8973
169,8975
170,8976
171,8978
172,8980
173,8980
174,8983
175,8984
176,8984
177,8989
178,8990
179,8993
180,8994
181,8998
182,8998
183,9000
184,9002
185,9003
186,9006
187,9006
188,9007
189,9008
190,9010
191,9010
192,9011
193,9011
194,9012
195,9016
196,9017
197,9017
198,9024
199,9024
200,9028
201,9029
202,9030
203,9031
204,9031
205,9033
206,9033
207,9038
208,9042
209,9043
210,9043
211,9045
212,9047
213,9047
214,9048
215,9049
216,9051
217,9054
218,9057
219,9058
220,9062
221,9063
222,9067
223,9070
224,9072
225,9072
226,9074
227,9075
228,9075
229,9080
230,9081
231,9083
232,9084
233,9084
234,9087
235,9089
236,9092
237,9093
238,9094
239,9096
240,9098
241,9098
242,9098
243,9099
244,9100
245,9101
246,9102
247,9102
248,9109
249,9109
250,9110
251,9111
252,9112
253,9113
254,9116
255,9117
256,9118
257,9122
258,9126
259,9126
260,9126
261,9127
262,9128
263,9129
264,9129
265,9129
266,9133
267,9133
268,9135
269,9135
270,9136
271,9136
272,9139
273,9140
274,9142
275,9145
276,9147
277,9147
278,9148
279,9149
280,9151
281,9153
282,9153
283,9154
284,9155
285,9157
286,9158
287,9158
288,9161
289,9162
290,9163
291,9166
292,9167
293,9169
294,9170
295,9171
296,9175
297,9176
298,9179
299,9179
300,9180
301,9180
302,9181
303,9181
304,9183
305,9183
306,9184
307,9185
308,9187
309,9188
310,9188
311,9189
312,9191
313,9193
314,9194
315,9199
316,9199
317,9203
318,9203
319,9203
320,9207
321,9208
322,9209
323,9211
324,9211
325,9211
326,9217
327,9218
328,9219
329,9219
330,9220
331,9221
332,9221
333,9224
334,9224
335,9225
336,9225
337,9225
338,9226
339,9226
340,9227
341,9227
342,9227
343,9228
344,9230
345,9231
346,9231
347,9231
348,9234
349,9234
350,9236
351,9236
352,9236
353,9236
354,9237
355,9237
356,9238
357,9239
358,9242
359,9244
360,9247
361,9247
362,9248
363,9248
364,9249
365,9249
366,9249
367,9251
368,9254
369,9258
370,9258
371,9258
372,9260
373,9262
374,9264
375,9264
376,9266
377,9267
378,9267
379,9269
380,9269
381,9271
382,9271
383,9271
384,9273
385,9274
386,9274
387,9274
388,9275
389,9276
390,9278
391,9280
392,9280
393,9280
394,9281
395,9281
396,9281
397,9281
398,9282
399,9283
400,9284
401,9284
402,9284
403,9288
404,9289
405,9290
406,9292
407,9292
408,9293
409,9293
410,9294
411,9294
412,9298
413,9300
414,9302
415,9302
416,9307
417,9307
418,9307
419,9307
420,9307
421,9309
422,9310
423,9310
424,9310
425,9311
426,9311
427,9311
428,9312
429,9313
430,9315
431,9315
432,9316
433,9316
434,9317
435,9317
436,9317
437,9318
438,9318
439,9319
440,9321
441,9321
442,9321
443,9321
444,9321
445,9321
446,9321
447,9321
448,9325
449,9325
450,9325
451,9326
452,9326
453,9327
454,9329
455,9329
456,9330
457,9333
458,9334
459,9334
460,9335
461,9335
462,9336
463,9336
464,9336
465,9337
466,9339
467,9339
468,9339
469,9340
470,9340
471,9342
472,9342
473,9342
474,9344
475,9344
476,9345
477,9346
478,9348
479,9348
480,9349
481,9351
482,9351
483,9353
484,9354
485,9354
486,9354
487,9354
488,9355
489,9355
490,9358
491,9360
492,9360
493,9360
494,9361
495,9361
496,9362
497,9364
498,9365
499,9366
500,9367
501,9369
502,9369
503,9369
504,9370
505,9370
506,9371
507,9371
508,9376
509,9376
510,9379
511,9380
512,9380
513,9381
514,9382
515,9382
516,9383
517,9384
518,9384
519,9385
520,9387
521,9387
522,9388
523,9388
524,9390
525,9391
526,9391
527,9392
528,9393
529,9393
530,9393
531,9393
532,9394
533,9394
534,9396
535,9398
536,9399
537,9399
538,9399
539,9399
540,9400
541,9400
542,9401
543,9402
544,9403
545,9403
546,9404
547,9404
548,9407
549,9407
550,9408
551,9408
552,9408
553,9408
554,9409
555,9409
556,9410
557,9411
558,9412
559,9415
560,9417
561,9418
562,9418
563,9419
564,9419
565,9419
566,9420
567,9420
568,9422
569,9425
570,9425
571,9425
572,9426
573,9429
574,9429
575,9430
576,9430
577,9433
578,9434
579,9434
580,9434
581,9435
582,9435
583,9437
584,9437
585,9438
586,9439
587,9439
588,9440
589,9442
590,9442
591,9442
592,9442
593,9442
594,9443
595,9444
596,9444
597,9446
598,9447
599,9447
600,9447
601,9448
602,9448
603,9448
604,9449
605,9449
606,9451
607,9451
608,9452
609,9452
610,9452
611,9455
612,9457
613,9457
614,9458
615,9458
616,9458
617,9461
618,9462
619,9463
620,9465
621,9465
622,9466
623,9467
624,9469
625,9471
626,9473
627,9474
628,9475
629,9476
630,9478
631,9478
632,9479
633,9480
634,9480
635,9481
636,9481
637,9482
638,9482
639,9483
640,9483
641,9487
642,9488
643,9488
644,9489
645,9489
646,9490
647,9490
648,9491
649,9493
650,9493
651,9494
652,9494
653,9497
654,9497
655,9497
656,9500
657,9500
658,9500
659,9501
660,9501
661,9501
662,9503
663,9503
664,9504
665,9506
666,9507
667,9508
668,9508
669,9509
670,9509
671,9509
672,9511
673,9515
674,9515
675,9515
676,9515
677,9516
678,9516
679,9518
680,9518
681,9519
682,9519
683,9521
684,9522
685,9522
686,9524
687,9524
688,9526
689,9526
690,9526
691,9527
692,9527
693,9527
694,9527
695,9527
696,9527
697,9527
698,9528
699,9529
700,9529
701,9530
702,9530
703,9531
704,9533
705,9534
706,9535
707,9536
708,9536
709,9538
710,9538
711,9538
712,9539
713,9539
714,9539
715,9540
716,9540
717,9542
718,9542
719,9542
720,9543
721,9543
722,9544
723,9545
724,9545
725,9545
726,9545
727,9545
728,9546
729,9546
730,9547
731,9547
732,9547
733,9548
734,9549
735,9549
736,9549
737,9549
738,9551
739,9551
740,9552
741,9552
742,9553
743,9554
744,9554
745,9555
746,9557
747,9558
748,9560
749,9560
750,9560
751,9561
752,9563
753,9563
754,9563
755,9563
756,9563
757,9563
758,9565
759,9565
760,9566
761,9566
762,9566
763,9567
764,9567
765,9567
766,9567
767,9569
768,9569
769,9570
770,9572
771,9572
772,9573
773,9573
774,9573
775,9575
776,9575
777,9576
778,9578
779,9578
780,9578
781,9579
782,9579
783,9579
784,9579
785,9580
786,9580
787,9581
788,9581
789,9581
790,9581
791,9582
792,9583
793,9584
794,9584
795,9585
796,9585
797,9587
798,9588
799,9588
800,9590
801,9590
802,9590
803,9591
804,9591
805,9592
806,9592
807,9593
808,9594
809,9596
810,9596
811,9597
812,9597
813,9597
814,9598
815,9599
816,9599
817,9599
818,9599
819,9600
820,9601
821,9602
822,9603
823,9604
824,9604
825,9607
826,9608
827,9608
828,9609
829,9610
830,9612
831,9612
832,9612
833,9613
834,9613
835,9613
836,9615
837,9615
838,9615
839,9615
840,9615
841,9616
842,9616
843,9616
844,9617
845,9617
846,9617
847,9617
848,9618
849,9618
850,9618
851,9619
852,9619
853,9620
854,9620
855,9620
856,9621
857,9621
858,9621
859,9622
860,9622
861,9624
862,9624
863,9625
864,9625
865,9627
866,9627
867,9628
868,9628
869,9628
870,9628
871,9628
872,9628
873,9629
874,9629
875,9629
876,9630
877,9630
878,9631
879,9631
880,9633
881,9633
882,9634
883,9636
884,9636
885,9636
886,9637
887,9637
888,9637
889,9638
890,9639
891,9639
892,9640
893,9640
894,9642
895,9642
896,9643
897,9643
898,9645
899,9645
900,9645
901,9646
902,9647
903,9647
904,9648
905,9651
906,9651
907,9651
908,9651
909,9652
910,9653
911,9653
912,9655
913,9656
914,9656
915,9658
916,9658
917,9658
918,9658
919,9658
920,9660
921,9661
922,9661
923,9661
924,9663
925,9664
926,9664
927,9664
928,9665
929,9666
930,9666
931,9667
932,9667
933,9667
934,9667
935,9667
936,9669
937,9669
938,9669
939,9669
940,9671
941,9672
942,9673
943,9673
944,9673
945,9673
946,9673
947,9675
948,9675
949,9675
950,9676
951,9676
952,9676
953,9676
954,9678
955,9678
956,9678
957,9679
958,9679
959,9679
960,9680
961,9680
962,9680
963,9680
964,9683
965,9684
966,9685
967,9687
968,9688
969,9688
970,9688
971,9689
972,9690
973,9690
974,9691
975,9691
976,9692
977,9692
978,9693
979,9693
980,9693
981,9693
982,9696
983,9696
984,9696
985,9697
986,9697
987,9697
988,9698
989,9699
990,9699
991,9700
992,9700
993,9700
994,9700
995,9701
996,9702
997,9702
998,9704
999,9706
1000,9707
1001,9708
1002,9708
1003,9708
1004,9709
1005,9709
1006,9709
1007,9710
1008,9710
1009,9710
1010,9710
1011,9710
1012,9710
1013,9710
1014,9711
1015,9711
1016,9712
1017,9712
1018,9713
1019,9713
1020,9715
1021,9715
1022,9715
1023,9716
1024,9716
1025,9717
1026,9717
1027,9719
1028,9720
1029,9720
1030,9720
1031,9720
1032,9720
1033,9721
1034,9721
1035,9722
1036,9722
1037,9724
1038,9724
1039,9725
1040,9725
1041,9726
1042,9726
1043,9727
1044,9727
1045,9727
1046,9727
1047,9728
1048,9728
1049,9729
1050,9730
1051,9731
1052,9734
1053,9735
1054,9735
1055,9736
1056,9737
1057,9739
1058,9739
1059,9740
1060,9740
1061,9740
1062,9742
1063,9742
1064,9742
1065,9743
1066,9744
1067,9744
1068,9745
1069,9746
1070,9746
1071,9747
1072,9748
1073,9749
1074,9751
1075,9751
1076,9751
1077,9752
1078,9755
1079,9756
1080,9756
1081,9756
1082,9756
1083,9757
1084,9757
1085,9757
1086,9757
1087,9758
1088,9758
1089,9760
1090,9760
1091,9761
1092,9764
1093,9764
1094,9765
1095,9766
1096,9766
1097,9767
1098,9767
1099,9769
1100,9769
1101,9770
1102,9771
1103,9772
1104,9772
1105,9772
1106,9772
1107,9773
1108,9775
1109,9775
1110,9776
1111,9776
1112,9778
1113,9778
1114,9778
1115,9778
1116,9778
1117,9780
1118,9782
1119,9782
1120,9782
1121,9782
1122,9783
1123,9784
1124,9785
1125,9785
1126,9787
1127,9787
1128,9788
1129,9788
1130,9789
1131,9790
1132,9792
1133,9792
1134,9793
1135,9793
1136,9794
1137,9794
1138,9794
1139,9796
1140,9796
1141,9797
1142,9797
1143,9798
1144,9798
1145,9799
1146,9799
1147,9799
1148,9800
1149,9802
1150,9802
1151,9802
1152,9802
1153,9802
1154,9802
1155,9803
1156,9803
1157,9803
1158,9803
1159,9804
1160,9804
1161,9804
1162,9807
1163,9807
1164,9807
1165,9808
1166,9808
1167,9808
1168,9809
1169,9810
1170,9811
1171,9812
1172,9813
1173,9813
1174,9813
1175,9813
1176,9815
1177,9815
1178,9815
1179,9816
1180,9817
1181,9818
1182,9818
1183,9818
1184,9819
1185,9819
1186,9820
1187,9821
1188,9824
1189,9824
1190,9825
1191,9825
1192,9825
1193,9825
1194,9826
1195,9827
1196,9827
1197,9827
1198,9827
1199,9828
1200,9829
1201,9829
1202,9829
1203,9830
1204,9831
1205,9831
1206,9833
1207,9833
1208,9834
1209,9834
1210,9835
1211,9838
1212,9838
1213,9839
1214,9840
1215,9842
1216,9842
1217,9843
1218,9843
1219,9843
1220,9843
1221,9844
1222,9845
1223,9845
1224,9846
1225,9847
1226,9847
1227,9847
1228,9847
1229,9848
1230,9848
1231,9848
1232,9849
1233,9851
1234,9852
1235,9852
1236,9853
1237,9853
1238,9853
1239,9853
1240,9853
1241,9854
1242,9854
1243,9854
1244,9855
1245,9855
1246,9856
1247,9857
1248,9860
1249,9860
1250,9861
1251,9861
1252,9862
1253,9862
1254,9863
1255,9863
1256,9864
1257,9864
1258,9865
1259,9865
1260,9865
1261,9865
1262,9865
1263,9865
1264,9866
1265,9866
1266,9866
1267,9866
1268,9867
1269,9867
1270,9867
1271,9867
1272,9869
1273,9871
1274,9871
1275,9871
1276,9872
1277,9873
1278,9873
1279,9874
1280,9874
1281,9875
1282,9876
1283,9876
1284,9876
1285,9876
1286,9878
1287,9878
1288,9878
1289,9878
1290,9878
1291,9879
1292,9879
1293,9879
1294,9880
1295,9880
1296,9880
1297,9881
1298,9882
1299,9883
1300,9884
1301,9884
1302,9884
1303,9887
1304,9887
1305,9887
1306,9888
1307,9889
1308,9890
1309,9890
1310,9892
1311,9892
1312,9893
1313,9893
1314,9896
1315,9896
1316,9897
1317,9898
1318,9898
1319,9899
1320,9899
1321,9900
1322,9901
1323,9901
1324,9902
1325,9902
1326,9902
1327,9903
1328,9903
1329,9904
1330,9906
1331,9907
1332,9907
1333,9907
1334,9908
1335,9908
1336,9909
1337,9910
1338,9910
1339,9910
1340,9911
1341,9911
1342,9913
1343,9913
1344,9915
1345,9916
1346,9917
1347,9917
1348,9919
1349,9919
1350,9919
1351,9920
1352,9920
1353,9920
1354,9920
1355,9920
1356,9921
1357,9921
1358,9922
1359,9924
1360,9924
1361,9924
1362,9925
1363,9925
1364,9926
1365,9927
1366,9928
1367,9928
1368,9928
1369,9928
1370,9929
1371,9930
1372,9930
1373,9931
1374,9934
1375,9934
1376,9934
1377,9935
1378,9935
1379,9935
1380,9937
1381,9937
1382,9938
1383,9939
1384,9939
1385,9939
1386,9940
1387,9942
1388,9943
1389,9943
1390,9943
1391,9944
1392,9945
1393,9945
1394,9947
1395,9947
1396,9948
1397,9948
1398,9949
1399,9949
1400,9949
1401,9951
1402,9952
1403,9952
1404,9953
1405,9954
1406,9954
1407,9954
1408,9955
1409,9956
1410,9956
1411,9956
1412,9956
1413,9957
1414,9957
1415,9957
1416,9957
1417,9960
1418,9960
1419,9960
1420,9960
1421,9961
1422,9962
1423,9962
1424,9962
1425,9962
1426,9962
1427,9963
1428,9963
1429,9964
1430,9964
1431,9965
1432,9965
1433,9966
1434,9969
1435,9969
1436,9969
1437,9970
1438,9971
1439,9971
1440,9972
1441,9972
1442,9973
1443,9973
1444,9973
1445,9973
1446,9973
1447,9975
1448,9975
1449,9975
1450,9976
1451,9978
1452,9978
1453,9979
1454,9979
1455,9979
1456,9979
1457,9980
1458,9981
1459,9981
1460,9981
1461,9984
1462,9984
1463,9985
1464,9988
1465,9989
1466,9989
1467,9990
1468,9990
1469,9991
1470,9991
1471,9991
1472,9991
1473,9992
1474,9993
1475,9993
1476,9994
1477,9994
1478,9994
1479,9996
1480,9996
1481,9996
1482,9997
1483,9998
1484,9998
1485,9998
1486,9998
1487,9999
1488,9999
1489,9999
1490,9999
1491,10000
1492,10000
1493,10000
1494,10002
1495,10003
1496,10003
1497,10003
1498,10004
1499,10004
1500,10004
1501,10004
1502,10006
1503,10007
1504,10007
1505,10008
1506,10009
1507,10009
1508,10010
1509,10011
1510,10011
1511,10011
1512,10011
1513,10012
1514,10013
1515,10015
1516,10015
1517,10015
1518,10015
1519,10016
1520,10016
1521,10016
1522,10017
1523,10018
1524,10018
1525,10019
1526,10020
1527,10021
1528,10024
1529,10025
1530,10025
1531,10025
1532,10025
1533,10025
1534,10026
1535,10027
1536,10028
1537,10029
1538,10029
1539,10030
1540,10031
1541,10031
1542,10031
1543,10033
1544,10034
1545,10036
1546,10036
1547,10037
1548,10038
1549,10038
1550,10038
1551,10039
1552,10042
1553,10042
1554,10043
1555,10044
1556,10044
1557,10046
1558,10048
1559,10048
1560,10048
1561,10049
1562,10051
1563,10052
1564,10053
1565,10053
1566,10053
1567,10054
1568,10055
1569,10055
1570,10055
1571,10056
1572,10056
1573,10056
1574,10057
1575,10058
1576,10058
1577,10060
1578,10062
1579,10062
1580,10062
1581,10063
1582,10063
1583,10064
1584,10064
1585,10064
1586,10065
1587,10066
1588,10066
1589,10069
1590,10069
1591,10070
1592,10071
1593,10071
1594,10072
1595,10079
1596,10079
1597,10079
1598,10079
1599,10080
1600,10080
1601,10080
1602,10081
1603,10081
1604,10081
1605,10083
1606,10084
1607,10085
1608,10085
1609,10087
1610,10087
1611,10088
1612,10089
1613,10089
1614,10089
1615,10089
1616,10090
1617,10090
1618,10091
1619,10091
1620,10091
1621,10092
1622,10092
1623,10092
1624,10094
1625,10094
1626,10094
1627,10094
1628,10096
1629,10097
1630,10097
1631,10098
1632,10098
1633,10098
1634,10099
1635,10099
1636,10101
1637,10102
1638,10102
1639,10103
1640,10107
1641,10107
1642,10107
1643,10107
1644,10109
1645,10109
1646,10110
1647,10111
1648,10111
1649,10115
1650,10117
1651,10117
1652,10118
1653,10119
1654,10119
1655,10119
1656,10120
1657,10120
1658,10121
1659,10122
1660,10122
1661,10125
1662,10125
1663,10125
1664,10126
1665,10127
1666,10128
1667,10128
1668,10129
1669,10129
1670,10131
1671,10131
1672,10133
1673,10134
1674,10135
1675,10135
1676,10135
1677,10135
1678,10136
1679,10136
1680,10136
1681,10136
1682,10136
1683,10138
1684,10138
1685,10138
1686,10140
1687,10142
1688,10142
1689,10142
1690,10142
1691,10143
1692,10144
1693,10144
1694,10144
1695,10145
1696,10148
1697,10148
1698,10148
1699,10149
1700,10151
1701,10151
1702,10151
1703,10152
1704,10153
1705,10153
1706,10154
1707,10155
1708,10156
1709,10156
1710,10158
1711,10158
1712,10158
1713,10158
1714,10160
1715,10160
1716,10163
1717,10164
1718,10164
1719,10165
1720,10165
1721,10166
1722,10169
1723,10169
1724,10169
1725,10170
1726,10171
1727,10171
1728,10171
1729,10172
1730,10172
1731,10173
1732,10173
1733,10174
1734,10174
1735,10175
1736,10175
1737,10176
1738,10176
1739,10179
1740,10179
1741,10180
1742,10180
1743,10181
1744,10184
1745,10184
1746,10187
1747,10187
1748,10187
1749,10188
1750,10188
1751,10188
1752,10188
1753,10189
1754,10189
1755,10190
1756,10190
1757,10190
1758,10191
1759,10191
1760,10191
1761,10193
1762,10194
1763,10194
1764,10194
1765,10194
1766,10196
1767,10197
1768,10198
1769,10199
1770,10200
1771,10201
1772,10201
1773,10201
1774,10202
1775,10203
1776,10203
1777,10204
1778,10204
1779,10206
1780,10207
1781,10207
1782,10207
1783,10208
1784,10208
1785,10209
1786,10210
1787,10211
1788,10212
1789,10213
1790,10213
1791,10216
1792,10216
1793,10216
1794,10216
1795,10216
1796,10217
1797,10217
1798,10219
1799,10221
1800,10222
1801,10224
1802,10226
1803,10226
1804,10226
1805,10228
1806,10229
1807,10230
1808,10230
1809,10231
1810,10233
1811,10234
1812,10234
1813,10235
1814,10235
1815,10235
1816,10237
1817,10238
1818,10240
1819,10240
1820,10246
1821,10246
1822,10246
1823,10248
1824,10252
1825,10253
1826,10254
1827,10254
1828,10254
1829,10256
1830,10256
1831,10257
1832,10257
1833,10260
1834,10260
1835,10260
1836,10262
1837,10264
1838,10264
1839,10265
1840,10267
1841,10267
1842,10267
1843,10269
1844,10270
1845,10271
1846,10271
1847,10272
1848,10272
1849,10272
1850,10273
1851,10274
1852,10275
1853,10276
1854,10276
1855,10278
1856,10280
1857,10281
1858,10281
1859,10282
1860,10282
1861,10284
1862,10287
1863,10291
1864,10294
1865,10296
1866,10298
1867,10299
1868,10301
1869,10302
1870,10302
1871,10303
1872,10303
1873,10304
1874,10306
1875,10307
1876,10308
1877,10309
1878,10310
1879,10311
1880,10312
1881,10312
1882,10316
1883,10317
1884,10318
1885,10318
1886,10320
1887,10321
1888,10327
1889,10328
1890,10329
1891,10329
1892,10330
1893,10330
1894,10331
1895,10334
1896,10335
1897,10336
1898,10336
1899,10337
1900,10337
1901,10338
1902,10338
1903,10339
1904,10340
1905,10344
1906,10344
1907,10344
1908,10347
1909,10349
1910,10351
1911,10352
1912,10353
1913,10353
1914,10353
1915,10354
1916,10355
1917,10356
1918,10356
1919,10357
1920,10358
1921,10358
1922,10361
1923,10362
1924,10362
1925,10362
1926,10363
1927,10364
1928,10365
1929,10366
1930,10367
1931,10369
1932,10369
1933,10370
1934,10371
1935,10371
1936,10373
1937,10373
1938,10373
1939,10375
1940,10376
1941,10378
1942,10381
1943,10382
1944,10383
1945,10384
1946,10384
1947,10385
1948,10388
1949,10388
1950,10389
1951,10390
1952,10391
1953,10392
1954,10392
1955,10392
1956,10393
1957,10393
1958,10400
1959,10401
1960,10401
1961,10401
1962,10401
1963,10402
1964,10404
1965,10404
1966,10406
1967,10407
1968,10407
1969,10409
1970,10410
1971,10411
1972,10415
1973,10415
1974,10417
1975,10418
1976,10418
1977,10419
1978,10420
1979,10421
1980,10421
1981,10421
1982,10421
1983,10421
1984,10422
1985,10424
1986,10424
1987,10425
1988,10425
1989,10427
1990,10429
1991,10430
1992,10430
1993,10433
1994,10434
1995,10435
1996,10437
1997,10439
1998,10442
1999,10443
2000,10443
2001,10444
2002,10444
2003,10444
2004,10445
2005,10445
2006,10445
2007,10446
2008,10446
2009,10446
2010,10446
2011,10447
2012,10447
2013,10448
2014,10448
2015,10451
2016,10451
2017,10455
2018,10457
2019,10457
2020,10458
2021,10461
2022,10461
2023,10462
2024,10463
2025,10466
2026,10466
2027,10470
2028,10471
2029,10472
2030,10472
2031,10474
2032,10474
2033,10476
2034,10476
2035,10480
2036,10480
2037,10480
2038,10481
2039,10481
2040,10481
2041,10482
2042,10484
2043,10484
2044,10487
2045,10487
2046,10488
2047,10489
2048,10489
2049,10490
2050,10491
2051,10491
2052,10491
2053,10491
2054,10492
2055,10492
2056,10492
2057,10494
2058,10494
2059,10496
2060,10496
2061,10496
2062,10497
2063,10497
2064,10498
2065,10498
2066,10499
2067,10499
2068,10499
2069,10499
2070,10499
2071,10500
2072,10501
2073,10502
2074,10503
2075,10504
2076,10506
2077,10507
2078,10507
2079,10510
2080,10511
2081,10512
2082,10512
2083,10512
2084,10512
2085,10513
2086,10513
2087,10516
2088,10517
2089,10518
2090,10518
2091,10519
2092,10519
2093,10519
2094,10520
2095,10520
2096,10521
2097,10521
2098,10521
2099,10522
2100,10525
2101,10525
2102,10526
2103,10528
2104,10529
2105,10531
2106,10531
2107,10533
2108,10533
2109,10533
2110,10534
2111,10535
2112,10535
2113,10536
2114,10536
2115,10537
2116,10539
2117,10542
2118,10542
2119,10542
2120,10544
2121,10545
2122,10545
2123,10545
2124,10546
2125,10546
2126,10546
2127,10547
2128,10548
2129,10549
2130,10549
2131,10551
2132,10551
2133,10552
2134,10552
2135,10552
2136,10557
2137,10557
2138,10558
2139,10558
2140,10558
2141,10558
2142,10560
2143,10560
2144,10560
2145,10561
2146,10561
2147,10561
2148,10561
2149,10562
2150,10562
2151,10562
2152,10562
2153,10562
2154,10563
2155,10563
2156,10565
2157,10566
2158,10567
2159,10570
2160,10570
2161,10570
2162,10571
2163,10572
2164,10573
2165,10574
2166,10574
2167,10574
2168,10574
2169,10574
2170,10575
2171,10575
2172,10576
2173,10576
2174,10578
2175,10578
2176,10579
2177,10580
2178,10580
2179,10580
2180,10581
2181,10582
2182,10582
2183,10582
2184,10582
2185,10584
2186,10584
2187,10584
2188,10585
2189,10585
2190,10587
2191,10587
2192,10588
2193,10589
2194,10589
2195,10589
2196,10589
2197,10590
2198,10590
2199,10591
2200,10591
2201,10592
2202,10592
2203,10594
2204,10594
2205,10594
2206,10596
2207,10596
2208,10596
2209,10597
2210,10598
2211,10599
2212,10599
2213,10601
2214,10601
2215,10602
2216,10602
2217,10603
2218,10604
2219,10607
2220,10607
2221,10607
2222,10607
2223,10608
2224,10608
2225,10608
2226,10608
2227,10609
2228,10609
2229,10609
2230,10609
2231,10610
2232,10610
2233,10610
2234,10611
2235,10613
2236,10613
2237,10613
2238,10616
2239,10616
2240,10616
2241,10617
2242,10617
2243,10618
2244,10619
2245,10619
2246,10619
2247,10620
2248,10620
2249,10621
2250,10621
2251,10622
2252,10624
2253,10624
2254,10624
2255,10625
2256,10626
2257,10626
2258,10626
2259,10627
2260,10627
2261,10628
2262,10630
2263,10630
2264,10631
2265,10633
2266,10633
2267,10633
2268,10633
2269,10634
2270,10634
2271,10634
2272,10634
2273,10636
2274,10638
2275,10638
2276,10639
2277,10640
2278,10640
2279,10640
2280,10640
2281,10640
2282,10642
2283,10642
2284,10643
2285,10643
2286,10643
2287,10644
2288,10644
2289,10645
2290,10645
2291,10646
2292,10648
2293,10649
2294,10651
2295,10653
2296,10654
2297,10654
2298,10654
2299,10655
2300,10656
2301,10656
2302,10656
2303,10657
2304,10657
2305,10658
2306,10658
2307,10658
2308,10658
2309,10661
2310,10662
2311,10662
2312,10663
2313,10665
2314,10666
2315,10667
2316,10667
2317,10669
2318,10670
2319,10670
2320,10672
2321,10672
2322,10672
2323,10672
2324,10674
2325,10678
2326,10678
2327,10679
2328,10679
2329,10681
2330,10681
2331,10683
2332,10683
2333,10683
2334,10684
2335,10685
2336,10685
2337,10685
2338,10687
2339,10687
2340,10687
2341,10689
2342,10692
2343,10692
2344,10693
2345,10694
2346,10696
2347,10696
2348,10696
2349,10696
2350,10697
2351,10698
2352,10699
2353,10699
2354,10700
2355,10701
2356,10704
2357,10704
2358,10706
2359,10706
2360,10708
2361,10708
2362,10709
2363,10710
2364,10710
2365,10711
2366,10711
2367,10712
2368,10713
2369,10716
2370,10716
2371,10716
2372,10717
2373,10717
2374,10718
2375,10718
2376,10719
2377,10719
2378,10720
2379,10721
2380,10722
2381,10722
2382,10722
2383,10724
2384,10725
2385,10726
2386,10726
2387,10727
2388,10728
2389,10729
2390,10731
2391,10731
2392,10731
2393,10731
2394,10731
2395,10733
2396,10734
2397,10735
2398,10735
2399,10736
2400,10737
2401,10737
2402,10737
2403,10737
2404,10737
2405,10738
2406,10739
2407,10739
2408,10739
2409,10743
2410,10743
2411,10744
2412,10745
2413,10747
2414,10747
2415,10747
2416,10748
2417,10748
2418,10748
2419,10749
2420,10749
2421,10749
2422,10751
2423,10751
2424,10751
2425,10753
2426,10753
2427,10754
2428,10755
2429,10755
2430,10757
2431,10758
2432,10758
2433,10760
2434,10761
2435,10761
2436,10762
2437,10762
2438,10763
2439,10763
2440,10763
2441,10763
2442,10764
2443,10764
2444,10764
2445,10764
2446,10766
2447,10767
2448,10771
2449,10773
2450,10773
2451,10774
2452,10775
2453,10775
2454,10775
2455,10775
2456,10776
2457,10779
2458,10780
2459,10781
2460,10782
2461,10783
2462,10785
2463,10785
2464,10789
2465,10789
2466,10789
2467,10790
2468,10790
2469,10790
2470,10791
2471,10792
2472,10792
2473,10792
2474,10793
2475,10793
2476,10794
2477,10796
2478,10797
2479,10799
2480,10800
2481,10801
2482,10802
2483,10803
2484,10804
2485,10806
2486,10806
2487,10806
2488,10807
2489,10809
2490,10809
2491,10809
2492,10811
2493,10813
2494,10817
2495,10817
2496,10817
2497,10818
2498,10819
2499,10819
2500,10819
2501,10820
2502,10820
2503,10821
2504,10821
2505,10821
2506,10821
2507,10822
2508,10824
2509,10824
2510,10825
2511,10825
2512,10826
2513,10827
2514,10827
2515,10827
2516,10828
2517,10828
2518,10829
2519,10829
2520,10831
2521,10831
2522,10834
2523,10834
2524,10835
2525,10835
2526,10836
2527,10836
2528,10836
2529,10836
2530,10837
2531,10838
2532,10839
2533,10839
2534,10840
2535,10842
2536,10844
2537,10845
2538,10847
2539,10847
2540,10848
2541,10848
2542,10849
2543,10849
2544,10849
2545,10849
2546,10849
2547,10852
2548,10852
2549,10854
2550,10854
2551,10855
2552,10855
2553,10856
2554,10856
2555,10857
2556,10858
2557,10858
2558,10860
2559,10862
2560,10863
2561,10865
2562,10865
2563,10865
2564,10865
2565,10867
2566,10867
2567,10869
2568,10870
2569,10870
2570,10870
2571,10871
2572,10872
2573,10872
2574,10873
2575,10874
2576,10874
2577,10881
2578,10881
2579,10884
2580,10884
2581,10885
2582,10887
2583,10887
2584,10888
2585,10888
2586,10888
2587,10889
2588,10889
2589,10889
2590,10890
2591,10891
2592,10893
2593,10893
2594,10896
2595,10896
2596,10898
2597,10899
2598,10900
2599,10900
2600,10900
2601,10902
2602,10904
2603,10904
2604,10906
2605,10908
2606,10908
2607,10909
2608,10909
2609,10910
2610,10911
2611,10911
2612,10911
2613,10913
2614,10915
2615,10916
2616,10919
2617,10921
2618,10922
2619,10922
2620,10924
2621,10924
2622,10929
2623,10929
2624,10931
2625,10931
2626,10931
2627,10933
2628,10933
2629,10934
2630,10938
2631,10938
2632,10939
2633,10939
2634,10939
2635,10940
2636,10942
2637,10943
2638,10943
2639,10946
2640,10946
2641,10946
2642,10948
2643,10951
2644,10954
2645,10954
2646,10954
2647,10955
2648,10957
2649,10957
2650,10958
2651,10958
2652,10960
2653,10963
2654,10965
2655,10965
2656,10967
2657,10967
2658,10970
2659,10970
2660,10971
2661,10972
2662,10972
2663,10973
2664,10974
2665,10976
2666,10978
2667,10978
2668,10980
2669,10980
2670,10980
2671,10981
2672,10984
2673,10984
2674,10988
2675,10988
2676,10989
2677,10994
2678,10998
2679,10999
2680,11000
2681,11000
2682,11000
2683,11004
2684,11006
2685,11007
2686,11007
2687,11009
2688,11010
2689,11012
2690,11012
2691,11013
2692,11015
2693,11016
2694,11016
2695,11017
2696,11017
2697,11017
2698,11019
2699,11021
2700,11028
2701,11028
2702,11029
2703,11030
2704,11031
2705,11033
2706,11033
2707,11034
2708,11035
2709,11035
2710,11037
2711,11038
2712,11038
2713,11038
2714,11039
2715,11039
2716,11040
2717,11043
2718,11044
2719,11046
2720,11047
2721,11052
2722,11052
2723,11053
2724,11053
2725,11054
2726,11055
2727,11055
2728,11056
2729,11056
2730,11057
2731,11062
2732,11062
2733,11064
2734,11066
2735,11069
2736,11069
2737,11071
2738,11072
2739,11072
2740,11076
2741,11076
2742,11078
2743,11078
2744,11078
2745,11079
2746,11082
2747,11082
2748,11083
2749,11083
2750,11084
2751,11085
2752,11089
2753,11091
2754,11091
2755,11092
2756,11093
2757,11093
2758,11096
2759,11097
2760,11097
2761,11097
2762,11099
2763,11099
2764,11101
2765,11101
2766,11103
2767,11103
2768,11104
2769,11104
2770,11108
2771,11108
2772,11109
2773,11109
2774,11109
2775,11111
2776,11112
2777,11112
2778,11116
2779,11116
2780,11116
2781,11117
2782,11118
2783,11119
2784,11121
2785,11122
2786,11125
2787,11125
2788,11126
2789,11127
2790,11129
2791,11130
2792,11133
2793,11134
2794,11136
2795,11138
2796,11138
2797,11139
2798,11144
2799,11145
2800,11145
2801,11146
2802,11146
2803,11147
2804,11148
2805,11148
2806,11148
2807,11149
2808,11149
2809,11151
2810,11153
2811,11154
2812,11155
2813,11156
2814,11157
2815,11157
2816,11161
2817,11161
2818,11161
2819,11162
2820,11163
2821,11163
2822,11163
2823,11164
2824,11165
2825,11165
2826,11166
2827,11167
2828,11167
2829,11167
2830,11171
2831,11171
2832,11174
2833,11174
2834,11175
2835,11175
2836,11176
2837,11179
2838,11179
2839,11179
2840,11180
2841,11180
2842,11181
2843,11182
2844,11187
2845,11189
2846,11191
2847,11197
2848,11198
2849,11199
2850,11200
2851,11200
2852,11200
2853,11201
2854,11201
2855,11201
2856,11201
2857,11203
2858,11204
2859,11206
2860,11206
2861,11206
2862,11207
2863,11209
2864,11209
2865,11210
2866,11210
2867,11212
2868,11213
2869,11213
2870,11213
2871,11215
2872,11215
2873,11215
2874,11216
2875,11217
2876,11219
2877,11219
2878,11222
2879,11222
2880,11224
2881,11224
2882,11228
2883,11229
2884,11229
2885,11230
2886,11230
2887,11230
2888,11230
2889,11231
2890,11233
2891,11234
2892,11235
2893,11236
2894,11237
2895,11237
2896,11237
2897,11238
2898,11238
2899,11238
2900,11239
2901,11240
2902,11242
2903,11243
2904,11244
2905,11245
2906,11245
2907,11245
2908,11246
2909,11246
2910,11251
2911,11252
2912,11253
2913,11254
2914,11257
2915,11257
2916,11258
2917,11260
2918,11260
2919,11262
2920,11263
2921,11264
2922,11265
2923,11266
2924,11267
2925,11269
2926,11269
2927,11271
2928,11271
2929,11272
2930,11273
2931,11275
2932,11276
2933,11276
2934,11278
2935,11278
2936,11279
2937,11280
2938,11281
2939,11282
2940,11282
2941,11282
2942,11283
2943,11283
2944,11283
2945,11283
2946,11283
2947,11283
2948,11285
2949,11287
2950,11287
2951,11288
2952,11289
2953,11290
2954,11291
2955,11291
2956,11293
2957,11296
2958,11296
2959,11296
2960,11298
2961,11299
2962,11299
2963,11300
2964,11301
2965,11301
2966,11301
2967,11304
2968,11307
2969,11308
2970,11311
2971,11313
2972,11313
2973,11315
2974,11316
2975,11316
2976,11316
2977,11318
2978,11319
2979,11319
2980,11320
2981,11321
2982,11321
2983,11321
2984,11324
2985,11324
2986,11325
2987,11327
2988,11327
2989,11327
2990,11328
2991,11329
2992,11329
2993,11329
2994,11330
2995,11330
2996,11330
2997,11331
2998,11331
2999,11333
3000,11333
3001,11336
3002,11338
3003,11338
3004,11339
3005,11340
3006,11340
3007,11342
3008,11344
3009,11345
3010,11347
3011,11347
3012,11348
3013,11349
3014,11351
3015,11351
3016,11352
3017,11353
3018,11355
3019,11355
3020,11356
3021,11357
3022,11357
3023,11357
3024,11358
3025,11360
3026,11360
3027,11361
3028,11362
3029,11363
3030,11364
3031,11365
3032,11365
3033,11367
3034,11367
3035,11367
3036,11370
3037,11371
3038,11372
3039,11374
3040,11374
3041,11375
3042,11376
3043,11378
3044,11380
3045,11380
3046,11381
3047,11381
3048,11382
3049,11382
3050,11383
3051,11385
3052,11385
3053,11385
3054,11387
3055,11387
3056,11388
3057,11389
3058,11389
3059,11389
3060,11390
3061,11390
3062,11391
3063,11391
3064,11392
3065,11392
3066,11392
3067,11393
3068,11396
3069,11396
3070,11396
3071,11397
3072,11397
3073,11397
3074,11398
3075,11398
3076,11398
3077,11398
3078,11399
3079,11401
3080,11404
3081,11404
3082,11406
3083,11406
3084,11407
3085,11407
3086,11407
3087,11408
3088,11408
3089,11409
3090,11411
3091,11412
3092,11412
3093,11413
3094,11415
3095,11415
3096,11415
3097,11416
3098,11416
3099,11416
3100,11416
3101,11417
3102,11419
3103,11419
3104,11419
3105,11420
3106,11420
3107,11421
3108,11421
3109,11424
3110,11424
3111,11425
3112,11425
3113,11425
3114,11425
3115,11428
3116,11428
3117,11428
3118,11429
3119,11429
3120,11429
3121,11430
3122,11431
3123,11433
3124,11433
3125,11433
3126,11433
3127,11434
3128,11434
3129,11434
3130,11434
3131,11435
3132,11435
3133,11436
3134,11437
3135,11437
3136,11439
3137,11439
3138,11439
3139,11439
3140,11439
3141,11442
3142,11444
3143,11444
3144,11445
3145,11445
3146,11445
3147,11446
3148,11448
3149,11448
3150,11448
3151,11449
3152,11451
3153,11452
3154,11453
3155,11453
3156,11453
3157,11454
3158,11455
3159,11455
3160,11456
3161,11456
3162,11457
3163,11458
3164,11461
3165,11461
3166,11462
3167,11463
3168,11464
3169,11464
3170,11464
3171,11464
3172,11466
3173,11466
3174,11469
3175,11470
3176,11470
3177,11470
3178,11472
3179,11473
3180,11474
3181,11475
3182,11478
3183,11478
3184,11479
3185,11480
3186,11480
3187,11480
3188,11482
3189,11483
3190,11483
3191,11484
3192,11484
3193,11484
3194,11485
3195,11487
3196,11487
3197,11487
3198,11488
3199,11488
3200,11488
3201,11489
3202,11490
3203,11491
3204,11491
3205,11492
3206,11494
3207,11496
3208,11496
3209,11497
3210,11497
3211,11497
3212,11500
3213,11500
3214,11502
3215,11504
3216,11507
3217,11510
3218,11510
3219,11511
3220,11511
3221,11512
3222,11512
3223,11513
3224,11515
3225,11515
3226,11515
3227,11515
3228,11515
3229,11516
3230,11516
3231,11517
3232,11517
3233,11518
3234,11519
3235,11519
3236,11521
3237,11521
3238,11526
3239,11527
3240,11527
3241,11529
3242,11531
3243,11531
3244,11531
3245,11533
3246,11533
3247,11535
3248,11536
3249,11537
3250,11539
3251,11539
3252,11540
3253,11540
3254,11540
3255,11542
3256,11542
3257,11543
3258,11543
3259,11545
3260,11546
3261,11546
3262,11547
3263,11548
3264,11548
3265,11548
3266,11548
3267,11551
3268,11551
3269,11552
3270,11552
3271,11552
3272,11553
3273,11553
3274,11554
3275,11555
3276,11555
3277,11556
3278,11556
3279,11557
3280,11557
3281,11558
3282,11558
3283,11560
3284,11561
3285,11561
3286,11562
3287,11562
3288,11562
3289,11564
3290,11566
3291,11566
3292,11567
3293,11567
3294,11567
3295,11570
3296,11572
3297,11572
3298,11572
3299,11574
3300,11574
3301,11574
3302,11575
3303,11575
3304,11575
3305,11575
3306,11576
3307,11576
3308,11576
3309,11576
3310,11576
3311,11578
3312,11578
3313,11579
3314,11581
3315,11582
3316,11582
3317,11582
3318,11582
3319,11583
3320,11583
3321,11584
3322,11584
3323,11584
3324,11585
3325,11587
3326,11588
3327,11588
3328,11588
3329,11588
3330,11589
3331,11589
3332,11589
3333,11590
3334,11592
3335,11596
3336,11597
3337,11598
3338,11598
3339,11599
3340,11600
3341,11600
3342,11600
3343,11603
3344,11604
3345,11606
3346,11606
3347,11607
3348,11607
3349,11608
3350,11608
3351,11611
3352,11612
3353,11612
3354,11613
3355,11615
3356,11619
3357,11619
3358,11620
3359,11621
3360,11621
3361,11621
3362,11622
3363,11622
3364,11624
3365,11626
3366,11626
3367,11627
3368,11627
3369,11627
3370,11628
3371,11628
3372,11630
3373,11630
3374,11630
3375,11631
3376,11631
3377,11631
3378,11635
3379,11635
3380,11638
3381,11638
3382,11638
3383,11639
3384,11642
3385,11642
3386,11642
3387,11643
3388,11643
3389,11644
3390,11645
3391,11645
3392,11645
3393,11646
3394,11647
3395,11655
3396,11655
3397,11656
3398,11656
3399,11657
3400,11657
3401,11658
3402,11658
3403,11660
3404,11662
3405,11662
3406,11663
3407,11664
3408,11667
3409,11667
3410,11667
3411,11667
3412,11669
3413,11670
3414,11671
3415,11671
3416,11672
3417,11673
3418,11674
3419,11674
3420,11674
3421,11674
3422,11676
3423,11676
3424,11676
3425,11676
3426,11678
3427,11678
3428,11678
3429,11680
3430,11680
3431,11681
3432,11682
3433,11683
3434,11684
3435,11685
3436,11687
3437,11687
3438,11688
3439,11688
3440,11688
3441,11691
3442,11691
3443,11692
3444,11693
3445,11693
3446,11694
3447,11696
3448,11697
3449,11698
3450,11698
3451,11698
3452,11699
3453,11699
3454,11700
3455,11701
3456,11701
3457,11702
3458,11702
3459,11702
3460,11703
3461,11703
3462,11706
3463,11708
3464,11709
3465,11709
3466,11710
3467,11710
3468,11711
3469,11712
3470,11715
3471,11717
3472,11718
3473,11719
3474,11719
3475,11719
3476,11719
3477,11720
3478,11720
3479,11722
3480,11724
3481,11725
3482,11725
3483,11725
3484,11725
3485,11727
3486,11727
3487,11727
3488,11727
3489,11729
3490,11730
3491,11731
3492,11734
3493,11734
3494,11736
3495,11736
3496,11738
3497,11739
3498,11740
3499,11740
3500,11740
3501,11742
3502,11744
3503,11744
3504,11744
3505,11745
3506,11746
3507,11747
3508,11747
3509,11748
3510,11751
3511,11751
3512,11752
3513,11754
3514,11754
3515,11754
3516,11755
3517,11757
3518,11757
3519,11761
3520,11762
3521,11763
3522,11764
3523,11765
3524,11765
3525,11770
3526,11771
3527,11771
3528,11772
3529,11772
3530,11773
3531,11776
3532,11776
3533,11776
3534,11779
3535,11782
3536,11783
3537,11783
3538,11784
3539,11784
3540,11787
3541,11787
3542,11788
3543,11788
3544,11789
3545,11789
3546,11791
3547,11792
3548,11792
3549,11792
3550,11794
3551,11797
3552,11797
3553,11799
3554,11800
3555,11804
3556,11804
3557,11804
3558,11804
3559,11806
3560,11806
3561,11807
3562,11809
3563,11809
3564,11809
3565,11811
3566,11812
3567,11813
3568,11813
3569,11815
3570,11816
3571,11816
3572,11816
3573,11817
3574,11819
3575,11819
3576,11819
3577,11819
3578,11820
3579,11820
3580,11820
3581,11821
3582,11826
3583,11827
3584,11828
3585,11829
3586,11829
3587,11831
3588,11831
3589,11833
3590,11835
3591,11835
3592,11836
3593,11836
3594,11836
3595,11837
3596,11837
3597,11838
3598,11838
3599,11838
3600,11840
3601,11842
3602,11842
3603,11843
3604,11843
3605,11845
3606,11848
3607,11848
3608,11848
3609,11849
3610,11851
3611,11853
3612,11853
3613,11853
3614,11853
3615,11854
3616,11855
3617,11855
3618,11855
3619,11857
3620,11857
3621,11857
3622,11857
3623,11857
3624,11858
3625,11858
3626,11858
3627,11860
3628,11860
3629,11860
3630,11863
3631,11863
3632,11864
3633,11865
3634,11865
3635,11866
3636,11866
3637,11866
3638,11867
3639,11867
3640,11867
3641,11869
3642,11869
3643,11870
3644,11872
3645,11873
3646,11873
3647,11874
3648,11875
3649,11876
3650,11878
3651,11881
3652,11882
3653,11884
3654,11884
3655,11888
3656,11888
3657,11889
3658,11890
3659,11890
3660,11891
3661,11891
3662,11892
3663,11893
3664,11894
3665,11894
3666,11894
3667,11896
3668,11896
3669,11897
3670,11898
3671,11898
3672,11898
3673,11902
3674,11902
3675,11903
3676,11904
3677,11906
3678,11907
3679,11908
3680,11908
3681,11909
3682,11910
3683,11912
3684,11913
3685,11913
3686,11913
3687,11915
3688,11916
3689,11917
3690,11918
3691,11919
3692,11919
3693,11919
3694,11919
3695,11919
3696,11920
3697,11920
3698,11920
3699,11921
3700,11924
3701,11925
3702,11927
3703,11927
3704,11927
3705,11928
3706,11931
3707,11933
3708,11935
3709,11938
3710,11939
3711,11943
3712,11944
3713,11945
3714,11945
3715,11945
3716,11951
3717,11953
3718,11954
3719,11954
3720,11955
3721,11957
3722,11957
3723,11958
3724,11962
3725,11963
3726,11964
3727,11967
3728,11967
3729,11969
3730,11970
3731,11970
3732,11972
3733,11973
3734,11974
3735,11976
3736,11978
3737,11979
3738,11979
3739,11980
3740,11983
3741,11985
3742,11988
3743,11989
3744,11990
3745,11990
3746,11990
3747,11991
3748,11993
3749,11994
3750,11996
3751,11996
3752,11997
3753,11997
3754,11999
3755,11999
3756,11999
3757,12000
3758,12001
3759,12002
3760,12002
3761,12003
3762,12006
3763,12007
3764,12008
3765,12009
3766,12010
3767,12010
3768,12012
3769,12012
3770,12013
3771,12017
3772,12018
3773,12018
3774,12021
3775,12024
3776,12024
3777,12025
3778,12025
3779,12026
3780,12027
3781,12027
3782,12027
3783,12029
3784,12031
3785,12031
3786,12031
3787,12033
3788,12033
3789,12033
3790,12034
3791,12035
3792,12036
3793,12036
3794,12037
3795,12037
3796,12040
3797,12040
3798,12042
3799,12043
3800,12046
3801,12047
3802,12048
3803,12051
3804,12051
3805,12052
3806,12052
3807,12053
3808,12054
3809,12054
3810,12054
3811,12055
3812,12055
3813,12055
3814,12056
3815,12057
3816,12057
3817,12057
3818,12058
3819,12058
3820,12058
3821,12058
3822,12061
3823,12062
3824,12064
3825,12066
3826,12066
3827,12067
3828,12067
3829,12069
3830,12071
3831,12072
3832,12072
3833,12073
3834,12074
3835,12076
3836,12076
3837,12080
3838,12083
3839,12083
3840,12084
3841,12085
3842,12085
3843,12085
3844,12088
3845,12088
3846,12088
3847,12091
3848,12092
3849,12093
3850,12096
3851,12098
3852,12098
3853,12098
3854,12098
3855,12098
3856,12099
3857,12100
3858,12101
3859,12101
3860,12101
3861,12110
3862,12110
3863,12111
3864,12112
3865,12113
3866,12116
3867,12117
3868,12119
3869,12119
3870,12119
3871,12119
3872,12120
3873,12120
3874,12120
3875,12120
3876,12122
3877,12124
3878,12124
3879,12126
3880,12126
3881,12126
3882,12128
3883,12130
3884,12131
3885,12131
3886,12133
3887,12134
3888,12135
3889,12135
3890,12135
3891,12135
3892,12135
3893,12136
3894,12137
3895,12138
3896,12138
3897,12140
3898,12142
3899,12142
3900,12142
3901,12143
3902,12144
3903,12144
3904,12146
3905,12147
3906,12148
3907,12148
3908,12148
3909,12149
3910,12149
3911,12149
3912,12151
3913,12152
3914,12153
3915,12153
3916,12155
3917,12155
3918,12156
3919,12156
3920,12158
3921,12158
3922,12158
3923,12160
3924,12160
3925,12161
3926,12162
3927,12163
3928,12163
3929,12163
3930,12166
3931,12166
3932,12167
3933,12172
3934,12172
3935,12173
3936,12173
3937,12174
3938,12174
3939,12174
3940,12176
3941,12176
3942,12178
3943,12179
3944,12179
3945,12179
3946,12179
3947,12179
3948,12181
3949,12181
3950,12181
3951,12182
3952,12182
3953,12183
3954,12183
3955,12183
3956,12183
3957,12185
3958,12185
3959,12188
3960,12188
3961,12189
3962,12189
3963,12189
3964,12190
3965,12190
3966,12191
3967,12192
3968,12192
3969,12196
3970,12198
3971,12198
3972,12199
3973,12201
3974,12202
3975,12202
3976,12202
3977,12202
3978,12203
3979,12203
3980,12203
3981,12206
3982,12206
3983,12208
3984,12208
3985,12209
3986,12210
3987,12210
3988,12211
3989,12211
3990,12211
3991,12212
3992,12213
3993,12215
3994,12215
3995,12215
3996,12215
3997,12216
3998,12217
3999,12219
4000,12220
4001,12220
4002,12221
4003,12222
4004,12224
4005,12225
4006,12225
4007,12227
4008,12227
4009,12228
4010,12228
4011,12229
4012,12230
4013,12230
4014,12230
4015,12231
4016,12231
4017,12231
4018,12231
4019,12236
4020,12236
4021,12236
4022,12236
4023,12237
4024,12237
4025,12237
4026,12237
4027,12238
4028,12238
4029,12240
4030,12242
4031,12245
4032,12246
4033,12246
4034,12247
4035,12247
4036,12248
4037,12248
4038,12249
4039,12249
4040,12249
4041,12251
4042,12251
4043,12252
4044,12254
4045,12254
4046,12255
4047,12255
4048,12256
4049,12257
4050,12257
4051,12258
4052,12258
4053,12260
4054,12260
4055,12261
4056,12263
4057,12263
4058,12263
4059,12264
4060,12265
4061,12265
4062,12265
4063,12267
4064,12270
4065,12270
4066,12272
4067,12272
4068,12272
4069,12273
4070,12273
4071,12274
4072,12276
4073,12276
4074,12278
4075,12278
4076,12279
4077,12279
4078,12280
4079,12280
4080,12280
4081,12283
4082,12283
4083,12284
4084,12289
4085,12290
4086,12290
4087,12291
4088,12291
4089,12293
4090,12294
4091,12294
4092,12294
4093,12294
4094,12296
4095,12296
4096,12298
4097,12298
4098,12299
4099,12299
4100,12300
4101,12300
4102,12302
4103,12303
4104,12306
4105,12307
4106,12307
4107,12307
4108,12307
4109,12307
4110,12309
4111,12309
4112,12311
4113,12311
4114,12312
4115,12312
4116,12313
4117,12313
4118,12313
4119,12315
4120,12315
4121,12315
4122,12316
4123,12316
4124,12316
4125,12317
4126,12318
4127,12318
4128,12319
4129,12319
4130,12319
4131,12319
4132,12320
4133,12320
4134,12321
4135,12322
4136,12324
4137,12324
4138,12326
4139,12327
4140,12328
4141,12330
4142,12330
4143,12330
4144,12333
4145,12333
4146,12337
4147,12337
4148,12338
4149,12338
4150,12338
4151,12339
4152,12339
4153,12339
4154,12342
4155,12342
4156,12343
4157,12343
4158,12345
4159,12346
4160,12352
4161,12352
4162,12352
4163,12352
4164,12353
4165,12354
4166,12354
4167,12355
4168,12355
4169,12355
4170,12358
4171,12361
4172,12361
4173,12364
4174,12365
4175,12366
4176,12367
4177,12369
4178,12369
4179,12369
4180,12370
4181,12370
4182,12371
4183,12372
4184,12372
4185,12372
4186,12373
4187,12373
4188,12373
4189,12373
4190,12375
4191,12375
4192,12376
4193,12379
4194,12380
4195,12380
4196,12382
4197,12383
4198,12384
4199,12385
4200,12388
4201,12389
4202,12390
4203,12391
4204,12396
4205,12397
4206,12397
4207,12400
4208,12403
4209,12403
4210,12404
4211,12404
4212,12406
4213,12408
4214,12408
4215,12409
4216,12410
4217,12412
4218,12415
4219,12415
4220,12417
4221,12418
4222,12418
4223,12420
4224,12420
4225,12421
4226,12424
4227,12424
4228,12424
4229,12424
4230,12427
4231,12427
4232,12427
4233,12428
4234,12429
4235,12429
4236,12429
4237,12433
4238,12433
4239,12434
4240,12435
4241,12436
4242,12437
4243,12437
4244,12438
4245,12439
4246,12442
4247,12442
4248,12443
4249,12444
4250,12444
4251,12444
4252,12445
4253,12445
4254,12446
4255,12451
4256,12452
4257,12452
4258,12452
4259,12452
4260,12453
4261,12454
4262,12455
4263,12455
4264,12455
4265,12455
4266,12456
4267,12456
4268,12456
4269,12457
4270,12457
4271,12458
4272,12458
4273,12458
4274,12461
4275,12461
4276,12462
4277,12463
4278,12463
4279,12467
4280,12470
4281,12470
4282,12470
4283,12470
4284,12472
4285,12473
4286,12474
4287,12475
4288,12478
4289,12478
4290,12479
4291,12480
4292,12481
4293,12483
4294,12484
4295,12485
4296,12485
4297,12487
4298,12488
4299,12489
4300,12490
4301,12490
4302,12490
4303,12490
4304,12491
4305,12491
4306,12492
4307,12492
4308,12492
4309,12493
4310,12493
4311,12493
4312,12493
4313,12494
4314,12496
4315,12496
4316,12497
4317,12499
4318,12500
4319,12500
4320,12501
4321,12501
4322,12502
4323,12504
4324,12506
4325,12507
4326,12509
4327,12510
4328,12510
4329,12510
4330,12511
4331,12511
4332,12511
4333,12511
4334,12512
4335,12516
4336,12517
4337,12517
4338,12518
4339,12519
4340,12519
4341,12519
4342,12521
4343,12527
4344,12527
4345,12527
4346,12528
4347,12528
4348,12528
4349,12529
4350,12530
4351,12531
4352,12531
4353,12531
4354,12534
4355,12536
4356,12537
4357,12537
4358,12537
4359,12538
4360,12540
4361,12540
4362,12542
4363,12543
4364,12544
4365,12545
4366,12546
4367,12547
4368,12547
4369,12548
4370,12548
4371,12549
4372,12551
4373,12551
4374,12552
4375,12553
4376,12555
4377,12555
4378,12556
4379,12558
4380,12560
4381,12560
4382,12560
4383,12561
4384,12562
4385,12562
4386,12563
4387,12564
4388,12565
4389,12565
4390,12565
4391,12566
4392,12566
4393,12566
4394,12566
4395,12566
4396,12566
4397,12567
4398,12567
4399,12567
4400,12571
4401,12572
4402,12572
4403,12572
4404,12573
4405,12573
4406,12576
4407,12576
4408,12579
4409,12580
4410,12580
4411,12581
4412,12581
4413,12582
4414,12583
4415,12583
4416,12588
4417,12589
4418,12590
4419,12592
4420,12593
4421,12594
4422,12594
4423,12596
4424,12598
4425,12599
4426,12601
4427,12601
4428,12602
4429,12603
4430,12603
4431,12604
4432,12609
4433,12611
4434,12611
4435,12612
4436,12613
4437,12613
4438,12613
4439,12613
4440,12616
4441,12616
4442,12617
4443,12617
4444,12617
4445,12619
4446,12619
4447,12620
4448,12620
4449,12621
4450,12621
4451,12621
4452,12622
4453,12624
4454,12625
4455,12626
4456,12628
4457,12629
4458,12629
4459,12630
4460,12633
4461,12633
4462,12634
4463,12635
4464,12636
4465,12637
4466,12638
4467,12638
4468,12640
4469,12642
4470,12643
4471,12646
4472,12647
4473,12647
4474,12648
4475,12648
4476,12649
4477,12652
4478,12652
4479,12656
4480,12656
4481,12657
4482,12657
4483,12660
4484,12662
4485,12663
4486,12664
4487,12664
4488,12665
4489,12665
4490,12665
4491,12667
4492,12673
4493,12673
4494,12674
4495,12675
4496,12676
4497,12676
4498,12678
4499,12679
4500,12679
4501,12680
4502,12680
4503,12682
4504,12683
4505,12683
4506,12684
4507,12688
4508,12690
4509,12691
4510,12692
4511,12694
4512,12697
4513,12697
4514,12697
4515,12698
4516,12699
4517,12699
4518,12699
4519,12699
4520,12702
4521,12702
4522,12703
4523,12703
4524,12707
4525,12710
4526,12710
4527,12711
4528,12713
4529,12715
4530,12716
4531,12716
4532,12719
4533,12719
4534,12719
4535,12720
4536,12721
4537,12722
4538,12724
4539,12724
4540,12726
4541,12726
4542,12726
4543,12726
4544,12726
4545,12728
4546,12728
4547,12729
4548,12730
4549,12733
4550,12733
4551,12735
4552,12736
4553,12736
4554,12737
4555,12739
4556,12743
4557,12743
4558,12745
4559,12746
4560,12747
4561,12748
4562,12748
4563,12749
4564,12751
4565,12752
4566,12753
4567,12753
4568,12754
4569,12755
4570,12756
4571,12756
4572,12757
4573,12758
4574,12760
4575,12761
4576,12762
4577,12763
4578,12764
4579,12765
4580,12767
4581,12769
4582,12770
4583,12771
4584,12772
4585,12773
4586,12774
4587,12779
4588,12780
4589,12782
4590,12782
4591,12782
4592,12783
4593,12787
4594,12788
4595,12788
4596,12788
4597,12789
4598,12789
4599,12789
4600,12789
4601,12790
4602,12790
4603,12792
4604,12793
4605,12794
4606,12796
4607,12797
4608,12799
4609,12800
4610,12800
4611,12800
4612,12803
4613,12803
4614,12803
4615,12804
4616,12806
4617,12807
4618,12807
4619,12807
4620,12807
4621,12809
4622,12810
4623,12810
4624,12812
4625,12813
4626,12815
4627,12816
4628,12816
4629,12816
4630,12818
4631,12819
4632,12820
4633,12820
4634,12821
4635,12822
4636,12822
4637,12827
4638,12828
4639,12829
4640,12831
4641,12833
4642,12834
4643,12835
4644,12836
4645,12838
4646,12839
4647,12840
4648,12840
4649,12842
4650,12843
4651,12843
4652,12844
4653,12844
4654,12846
4655,12847
4656,12849
4657,12852
4658,12853
4659,12853
4660,12853
4661,12854
4662,12854
4663,12855
4664,12855
4665,12856
4666,12857
4667,12861
4668,12863
4669,12864
4670,12869
4671,12870
4672,12874
4673,12875
4674,12884
4675,12885
4676,12889
4677,12889
4678,12890
4679,12890
4680,12892
4681,12892
4682,12892
4683,12892
4684,12892
4685,12893
4686,12894
4687,12896
4688,12896
4689,12898
4690,12899
4691,12901
4692,12906
4693,12907
4694,12908
4695,12910
4696,12910
4697,12910
4698,12912
4699,12913
4700,12913
4701,12916
4702,12916
4703,12918
4704,12919
4705,12920
4706,12921
4707,12921
4708,12922
4709,12924
4710,12924
4711,12925
4712,12925
4713,12926
4714,12928
4715,12930
4716,12933
4717,12933
4718,12934
4719,12935
4720,12936
4721,12936
4722,12936
4723,12937
4724,12939
4725,12939
4726,12939
4727,12943
4728,12944
4729,12946
4730,12947
4731,12948
4732,12948
4733,12948
4734,12949
4735,12951
4736,12954
4737,12954
4738,12954
4739,12957
4740,12957
4741,12958
4742,12958
4743,12962
4744,12962
4745,12963
4746,12963
4747,12965
4748,12965
4749,12966
4750,12967
4751,12971
4752,12971
4753,12971
4754,12972
4755,12974
4756,12975
4757,12976
4758,12979
4759,12979
4760,12980
4761,12981
4762,12982
4763,12985
4764,12987
4765,12988
4766,12988
4767,12989
4768,12991
4769,12992
4770,12994
4771,12996
4772,12998
4773,12998
4774,12998
4775,13000
4776,13002
4777,13002
4778,13002
4779,13004
4780,13007
4781,13007
4782,13007
4783,13010
4784,13010
4785,13015
4786,13016
4787,13016
4788,13017
4789,13018
4790,13019
4791,13019
4792,13021
4793,13021
4794,13024
4795,13027
4796,13027
4797,13028
4798,13028
4799,13029
4800,13029
4801,13029
4802,13030
4803,13030
4804,13030
4805,13033
4806,13034
4807,13034
4808,13045
4809,13046
4810,13047
4811,13049
4812,13052
4813,13053
4814,13053
4815,13054
4816,13054
4817,13054
4818,13055
4819,13056
4820,13056
4821,13057
4822,13058
4823,13061
4824,13065
4825,13065
4826,13066
4827,13070
4828,13072
4829,13072
4830,13072
4831,13073
4832,13076
4833,13082
4834,13083
4835,13089
4836,13090
4837,13090
4838,13091
4839,13092
4840,13092
4841,13093
4842,13094
4843,13094
4844,13098
4845,13099
4846,13100
4847,13100
4848,13102
4849,13104
4850,13106
4851,13106
4852,13107
4853,13107
4854,13109
4855,13109
4856,13111
4857,13113
4858,13115
4859,13120
4860,13120
4861,13121
4862,13125
4863,13125
4864,13126
4865,13126
4866,13127
4867,13128
4868,13129
4869,13130
4870,13134
4871,13135
4872,13138
4873,13140
4874,13143
4875,13143
4876,13144
4877,13145
4878,13146
4879,13148
4880,13148
4881,13151
4882,13152
4883,13156
4884,13156
4885,13158
4886,13161
4887,13162
4888,13164
4889,13164
4890,13166
4891,13166
4892,13169
4893,13169
4894,13173
4895,13173
4896,13174
4897,13175
4898,13178
4899,13179
4900,13181
4901,13185
4902,13187
4903,13188
4904,13188
4905,13190
4906,13190
4907,13193
4908,13194
4909,13196
4910,13196
4911,13197
4912,13197
4913,13198
4914,13201
4915,13202
4916,13202
4917,13203
4918,13207
4919,13208
4920,13209
4921,13209
4922,13211
4923,13211
4924,13213
4925,13213
4926,13216
4927,13217
4928,13219
4929,13219
4930,13225
4931,13227
4932,13229
4933,13229
4934,13230
4935,13230
4936,13233
4937,13233
4938,13235
4939,13235
4940,13236
4941,13237
4942,13238
4943,13239
4944,13239
4945,13239
4946,13240
4947,13243
4948,13243
4949,13244
4950,13245
4951,13246
4952,13247
4953,13247
4954,13249
4955,13251
4956,13251
4957,13261
4958,13262
4959,13262
4960,13263
4961,13264
4962,13265
4963,13269
4964,13270
4965,13270
4966,13272
4967,13272
4968,13272
4969,13273
4970,13273
4971,13278
4972,13282
4973,13283
4974,13284
4975,13285
4976,13287
4977,13288
4978,13289
4979,13289
4980,13290
4981,13293
4982,13293
4983,13297
4984,13299
4985,13300
4986,13301
4987,13303
4988,13304
4989,13304
4990,13304
4991,13307
4992,13307
4993,13311
4994,13316
4995,13316
4996,13317
4997,13318
4998,13318
4999,13319
5000,13321
5001,13321
5002,13324
5003,13326
5004,13326
5005,13330
5006,13331
5007,13333
5008,13339
5009,13339
5010,13344
5011,13345
5012,13346
5013,13346
5014,13347
5015,13347
5016,13347
5017,13348
5018,13349
5019,13351
5020,13353
5021,13354
5022,13354
5023,13354
5024,13355
5025,13355
5026,13356
5027,13357
5028,13358
5029,13361
5030,13361
5031,13363
5032,13364
5033,13364
5034,13365
5035,13365
5036,13365
5037,13366
5038,13367
5039,13370
5040,13372
5041,13375
5042,13375
5043,13376
5044,13379
5045,13381
5046,13381
5047,13381
5048,13383
5049,13385
5050,13388
5051,13388
5052,13388
5053,13392
5054,13398
5055,13400
5056,13401
5057,13403
5058,13404
5059,13406
5060,13407
5061,13408
5062,13411
5063,13411
5064,13412
5065,13413
5066,13413
5067,13417
5068,13418
5069,13419
5070,13419
5071,13424
5072,13426
5073,13427
5074,13428
5075,13430
5076,13430
5077,13436
5078,13438
5079,13438
5080,13440
5081,13440
5082,13440
5083,13442
5084,13443
5085,13443
5086,13443
5087,13444
5088,13445
5089,13447
5090,13451
5091,13452
5092,13453
5093,13454
5094,13456
5095,13457
5096,13458
5097,13460
5098,13460
5099,13465
5100,13471
5101,13471
5102,13472
5103,13474
5104,13474
5105,13475
5106,13476
5107,13476
5108,13478
5109,13478
5110,13480
5111,13481
5112,13481
5113,13482
5114,13482
5115,13482
5116,13484
5117,13484
5118,13489
5119,13490
5120,13492
5121,13493
5122,13493
5123,13494
5124,13494
5125,13498
5126,13498
5127,13498
5128,13501
5129,13502
5130,13503
5131,13506
5132,13507
5133,13508
5134,13511
5135,13513
5136,13517
5137,13517
5138,13520
5139,13520
5140,13521
5141,13521
5142,13525
5143,13525
5144,13525
5145,13526
5146,13526
5147,13527
5148,13527
5149,13528
5150,13528
5151,13530
5152,13531
5153,13533
5154,13533
5155,13535
5156,13535
5157,13535
5158,13539
5159,13539
5160,13539
5161,13542
5162,13544
5163,13544
5164,13545
5165,13548
5166,13548
5167,13549
5168,13553
5169,13553
5170,13553
5171,13553
5172,13555
5173,13555
5174,13556
5175,13558
5176,13558
5177,13561
5178,13562
5179,13569
5180,13569
5181,13570
5182,13570
5183,13570
5184,13574
5185,13575
5186,13579
5187,13579
5188,13580
5189,13580
5190,13580
5191,13581
5192,13584
5193,13585
5194,13587
5195,13588
5196,13589
5197,13592
5198,13600
5199,13600
5200,13601
5201,13601
5202,13603
5203,13603
5204,13606
5205,13608
5206,13609
5207,13611
5208,13612
5209,13613
5210,13613
5211,13616
5212,13617
5213,13618
5214,13624
5215,13624
5216,13624
5217,13626
5218,13626
5219,13628
5220,13628
5221,13628
5222,13628
5223,13629
5224,13629
5225,13629
5226,13629
5227,13634
5228,13634
5229,13635
5230,13635
5231,13637
5232,13637
5233,13638
5234,13638
5235,13639
5236,13640
5237,13645
5238,13647
5239,13648
5240,13649
5241,13649
5242,13651
5243,13652
5244,13652
5245,13656
5246,13656
5247,13658
5248,13661
5249,13662
5250,13662
5251,13662
5252,13663
5253,13663
5254,13665
5255,13665
5256,13667
5257,13669
5258,13669
5259,13669
5260,13669
5261,13671
5262,13672
5263,13673
5264,13674
5265,13676
5266,13676
5267,13678
5268,13679
5269,13681
5270,13681
5271,13681
5272,13682
5273,13683
5274,13683
5275,13685
5276,13685
5277,13687
5278,13687
5279,13687
5280,13688
5281,13688
5282,13689
5283,13689
5284,13691
5285,13691
5286,13692
5287,13693
5288,13693
5289,13694
5290,13694
5291,13697
5292,13698
5293,13699
5294,13699
5295,13702
5296,13702
5297,13702
5298,13704
5299,13706
5300,13706
5301,13707
5302,13708
5303,13708
5304,13709
5305,13710
5306,13711
5307,13712
5308,13715
5309,13715
5310,13715
5311,13715
5312,13716
5313,13718
5314,13718
5315,13718
5316,13719
5317,13720
5318,13720
5319,13720
5320,13721
5321,13721
5322,13721
5323,13722
5324,13724
5325,13727
5326,13729
5327,13731
5328,13731
5329,13733
5330,13733
5331,13735
5332,13735
5333,13737
5334,13739
5335,13739
5336,13739
5337,13742
5338,13743
5339,13743
5340,13744
5341,13744
5342,13744
5343,13744
5344,13745
5345,13745
5346,13746
5347,13749
5348,13749
5349,13749
5350,13749
5351,13749
5352,13751
5353,13752
5354,13752
5355,13756
5356,13756
5357,13756
5358,13758
5359,13758
5360,13762
5361,13765
5362,13765
5363,13766
5364,13766
5365,13767
5366,13767
5367,13769
5368,13770
5369,13770
5370,13771
5371,13772
5372,13772
5373,13773
5374,13773
5375,13774
5376,13774
5377,13775
5378,13775
5379,13775
5380,13776
5381,13778
5382,13778
5383,13778
5384,13780
5385,13781
5386,13783
5387,13785
5388,13785
5389,13788
5390,13789
5391,13789
5392,13790
5393,13790
5394,13791
5395,13791
5396,13791
5397,13792
5398,13793
5399,13793
5400,13793
5401,13794
5402,13794
5403,13796
5404,13796
5405,13797
5406,13797
5407,13798
5408,13799
5409,13801
5410,13802
5411,13804
5412,13804
5413,13806
5414,13807
5415,13808
5416,13808
5417,13808
5418,13811
5419,13811
5420,13813
5421,13813
5422,13815
5423,13817
5424,13820
5425,13821
5426,13821
5427,13824
5428,13827
5429,13828
5430,13829
5431,13829
5432,13829
5433,13829
5434,13830
5435,13830
5436,13830
5437,13833
5438,13834
5439,13835
5440,13837
5441,13837
5442,13837
5443,13838
5444,13840
5445,13840
5446,13840
5447,13840
5448,13844
5449,13844
5450,13844
5451,13845
5452,13846
5453,13846
5454,13847
5455,13848
5456,13848
5457,13851
5458,13854
5459,13855
5460,13857
5461,13858
5462,13858
5463,13858
5464,13860
5465,13860
5466,13860
5467,13861
5468,13861
5469,13862
5470,13863
5471,13863
5472,13864
5473,13866
5474,13867
5475,13869
5476,13869
5477,13873
5478,13874
5479,13874
5480,13874
5481,13875
5482,13875
5483,13876
5484,13878
5485,13878
5486,13879
5487,13881
5488,13882
5489,13882
5490,13883
5491,13883
5492,13884
5493,13884
5494,13885
5495,13887
5496,13887
5497,13888
5498,13888
5499,13897
5500,13898
5501,13899
5502,13899
5503,13900
5504,13902
5505,13902
5506,13903
5507,13904
5508,13907
5509,13908
5510,13912
5511,13913
5512,13913
5513,13916
5514,13918
5515,13919
5516,13921
5517,13921
5518,13926
5519,13927
5520,13927
5521,13928
5522,13928
5523,13930
5524,13930
5525,13931
5526,13935
5527,13935
5528,13935
5529,13936
5530,13936
5531,13938
5532,13939
5533,13942
5534,13942
5535,13943
5536,13943
5537,13944
5538,13944
5539,13945
5540,13945
5541,13946
5542,13946
5543,13949
5544,13952
5545,13952
5546,13953
5547,13953
5548,13955
5549,13956
5550,13958
5551,13961
5552,13961
5553,13961
5554,13961
5555,13962
5556,13962
5557,13962
5558,13963
5559,13963
5560,13964
5561,13964
5562,13964
5563,13964
5564,13964
5565,13965
5566,13966
5567,13966
5568,13966
5569,13967
5570,13969
5571,13969
5572,13970
5573,13971
5574,13971
5575,13972
5576,13972
5577,13973
5578,13974
5579,13975
5580,13975
5581,13975
5582,13975
5583,13976
5584,13978
5585,13978
5586,13979
5587,13980
5588,13980
5589,13981
5590,13982
5591,13984
5592,13984
5593,13984
5594,13985
5595,13987
5596,13987
5597,13987
5598,13988
5599,13988
5600,13989
5601,13992
5602,13993
5603,13993
5604,13993
5605,13996
5606,13997
5607,13997
5608,13997
5609,13997
5610,14000
5611,14000
5612,14001
5613,14001
5614,14002
5615,14002
5616,14006
5617,14007
5618,14009
5619,14009
5620,14011
5621,14012
5622,14012
5623,14013
5624,14015
5625,14016
5626,14016
5627,14019
5628,14020
5629,14024
5630,14024
5631,14024
5632,14024
5633,14024
5634,14025
5635,14026
5636,14028
5637,14028
5638,14029
5639,14031
5640,14031
5641,14034
5642,14034
5643,14035
5644,14035
5645,14036
5646,14037
5647,14037
5648,14037
5649,14042
5650,14043
5651,14043
5652,14043
5653,14044
5654,14045
5655,14046
5656,14046
5657,14047
5658,14047
5659,14047
5660,14048
5661,14051
5662,14051
5663,14052
5664,14052
5665,14052
5666,14052
5667,14052
5668,14054
5669,14054
5670,14056
5671,14057
5672,14058
5673,14061
5674,14062
5675,14062
5676,14065
5677,14066
5678,14070
5679,14071
5680,14071
5681,14073
5682,14074
5683,14075
5684,14075
5685,14075
5686,14075
5687,14076
5688,14076
5689,14076
5690,14081
5691,14081
5692,14082
5693,14082
5694,14083
5695,14083
5696,14084
5697,14084
5698,14084
5699,14085
5700,14088
5701,14089
5702,14089
5703,14090
5704,14090
5705,14091
5706,14092
5707,14096
5708,14096
5709,14096
5710,14096
5711,14096
5712,14098
5713,14103
5714,14106
5715,14106
5716,14107
5717,14110
5718,14110
5719,14111
5720,14112
5721,14112
5722,14112
5723,14113
5724,14113
5725,14113
5726,14115
5727,14116
5728,14117
5729,14117
5730,14118
5731,14118
5732,14119
5733,14121
5734,14122
5735,14122
5736,14122
5737,14124
5738,14126
5739,14126
5740,14126
5741,14126
5742,14127
5743,14128
5744,14129
5745,14129
5746,14129
5747,14130
5748,14131
5749,14131
5750,14131
5751,14131
5752,14138
5753,14139
5754,14139
5755,14140
5756,14140
5757,14140
5758,14142
5759,14142
5760,14143
5761,14146
5762,14148
5763,14149
5764,14149
5765,14151
5766,14152
5767,14156
5768,14156
5769,14158
5770,14158
5771,14158
5772,14160
5773,14162
5774,14163
5775,14164
5776,14164
5777,14164
5778,14165
5779,14165
5780,14169
5781,14171
5782,14172
5783,14174
5784,14175
5785,14176
5786,14180
5787,14180
5788,14181
5789,14181
5790,14181
5791,14182
5792,14182
5793,14183
5794,14190
5795,14191
5796,14192
5797,14192
5798,14193
5799,14193
5800,14194
5801,14196
5802,14198
5803,14198
5804,14201
5805,14203
5806,14203
5807,14203
5808,14206
5809,14208
5810,14209
5811,14209
5812,14210
5813,14211
5814,14211
5815,14211
5816,14211
5817,14211
5818,14212
5819,14213
5820,14213
5821,14215
5822,14215
5823,14215
5824,14216
5825,14219
5826,14220
5827,14220
5828,14221
5829,14221
5830,14224
5831,14224
5832,14224
5833,14224
5834,14227
5835,14228
5836,14229
5837,14231
5838,14233
5839,14234
5840,14234
5841,14239
5842,14239
5843,14242
5844,14243
5845,14244
5846,14245
5847,14246
5848,14246
5849,14248
5850,14251
5851,14253
5852,14253
5853,14254
5854,14254
5855,14256
5856,14257
5857,14258
5858,14260
5859,14260
5860,14262
5861,14262
5862,14263
5863,14263
5864,14264
5865,14264
5866,14265
5867,14267
5868,14270
5869,14271
5870,14271
5871,14272
5872,14272
5873,14272
5874,14274
5875,14276
5876,14278
5877,14279
5878,14280
5879,14280
5880,14281
5881,14282
5882,14282
5883,14284
5884,14285
5885,14287
5886,14287
5887,14288
5888,14288
5889,14289
5890,14290
5891,14290
5892,14292
5893,14293
5894,14294
5895,14297
5896,14298
5897,14299
5898,14300
5899,14300
5900,14303
5901,14304
5902,14306
5903,14306
5904,14308
5905,14308
5906,14309
5907,14310
5908,14313
5909,14313
5910,14313
5911,14316
5912,14316
5913,14317
5914,14318
5915,14319
5916,14320
5917,14326
5918,14327
5919,14327
5920,14327
5921,14328
5922,14328
5923,14328
5924,14329
5925,14329
5926,14329
5927,14331
5928,14331
5929,14333
5930,14334
5931,14334
5932,14335
5933,14336
5934,14339
5935,14339
5936,14342
5937,14342
5938,14343
5939,14344
5940,14346
5941,14348
5942,14349
5943,14351
5944,14351
5945,14351
5946,14351
5947,14351
5948,14352
5949,14352
5950,14353
5951,14354
5952,14355
5953,14356
5954,14357
5955,14357
5956,14358
5957,14358
5958,14360
5959,14360
5960,14361
5961,14361
5962,14362
5963,14363
5964,14364
5965,14369
5966,14369
5967,14369
5968,14371
5969,14371
5970,14371
5971,14372
5972,14373
5973,14373
5974,14374
5975,14374
5976,14375
5977,14375
5978,14375
5979,14378
5980,14379
5981,14380
5982,14382
5983,14383
5984,14383
5985,14383
5986,14384
5987,14385
5988,14387
5989,14388
5990,14388
5991,14389
5992,14391
5993,14393
5994,14394
5995,14394
5996,14394
5997,14394
5998,14394
5999,14396
6000,14396
6001,14396
6002,14397
6003,14398
6004,14399
6005,14399
6006,14399
6007,14399
6008,14400
6009,14400
6010,14400
6011,14401
6012,14403
6013,14404
6014,14406
6015,14406
6016,14407
6017,14408
6018,14409
6019,14409
6020,14409
6021,14410
6022,14411
6023,14416
6024,14416
6025,14417
6026,14420
6027,14421
6028,14421
6029,14421
6030,14421
6031,14424
6032,14426
6033,14426
6034,14429
6035,14431
6036,14431
6037,14431
6038,14434
6039,14436
6040,14436
6041,14438
6042,14439
6043,14439
6044,14439
6045,14440
6046,14440
6047,14442
6048,14442
6049,14444
6050,14444
6051,14447
6052,14447
6053,14448
6054,14448
6055,14451
6056,14451
6057,14452
6058,14452
6059,14452
6060,14454
6061,14454
6062,14458
6063,14458
6064,14460
6065,14460
6066,14461
6067,14462
6068,14462
6069,14462
6070,14463
6071,14465
6072,14465
6073,14466
6074,14466
6075,14467
6076,14467
6077,14467
6078,14469
6079,14470
6080,14470
6081,14470
6082,14470
6083,14471
6084,14471
6085,14471
6086,14472
6087,14472
6088,14474
6089,14475
6090,14475
6091,14475
6092,14475
6093,14478
6094,14478
6095,14481
6096,14483
6097,14487
6098,14489
6099,14489
6100,14490
6101,14491
6102,14491
6103,14492
6104,14494
6105,14494
6106,14496
6107,14496
6108,14496
6109,14497
6110,14497
6111,14497
6112,14498
6113,14499
6114,14499
6115,14500
6116,14500
6117,14500
6118,14506
6119,14507
6120,14507
6121,14507
6122,14508
6123,14508
6124,14509
6125,14509
6126,14509
6127,14509
6128,14510
6129,14510
6130,14510
6131,14510
6132,14510
6133,14511
6134,14511
6135,14512
6136,14513
6137,14513
6138,14513
6139,14515
6140,14516
6141,14516
6142,14518
6143,14519
6144,14521
6145,14521
6146,14521
6147,14522
6148,14522
6149,14524
6150,14524
6151,14525
6152,14525
6153,14526
6154,14527
6155,14528
6156,14528
6157,14528
6158,14529
6159,14529
6160,14533
6161,14534
6162,14534
6163,14535
6164,14535
6165,14535
6166,14536
6167,14536
6168,14537
6169,14538
6170,14538
6171,14538
6172,14538
6173,14539
6174,14542
6175,14542
6176,14543
6177,14543
6178,14543
6179,14545
6180,14545
6181,14545
6182,14546
6183,14547
6184,14548
6185,14548
6186,14551
6187,14551
6188,14551
6189,14552
6190,14552
6191,14552
6192,14552
6193,14555
6194,14555
6195,14555
6196,14555
6197,14556
6198,14557
6199,14560
6200,14560
6201,14560
6202,14560
6203,14561
6204,14562
6205,14563
6206,14564
6207,14565
6208,14565
6209,14565
6210,14565
6211,14566
6212,14566
6213,14566
6214,14567
6215,14569
6216,14569
6217,14570
6218,14570
6219,14571
6220,14571
6221,14572
6222,14572
6223,14572
6224,14572
6225,14573
6226,14573
6227,14573
6228,14573
6229,14574
6230,14575
6231,14575
6232,14578
6233,14581
6234,14582
6235,14582
6236,14582
6237,14583
6238,14583
6239,14583
6240,14584
6241,14584
6242,14585
6243,14585
6244,14585
6245,14585
6246,14585
6247,14587
6248,14588
6249,14589
6250,14589
6251,14589
6252,14589
6253,14589
6254,14590
6255,14590
6256,14591
6257,14593
6258,14593
6259,14593
6260,14594
6261,14594
6262,14597
6263,14597
6264,14598
6265,14598
6266,14598
6267,14599
6268,14599
6269,14599
6270,14600
6271,14601
6272,14602
6273,14602
6274,14602
6275,14603
6276,14603
6277,14603
6278,14604
6279,14604
6280,14604
6281,14606
6282,14606
6283,14606
6284,14606
6285,14607
6286,14608
6287,14608
6288,14608
6289,14609
6290,14609
6291,14609
6292,14610
6293,14612
6294,14612
6295,14616
6296,14618
6297,14618
6298,14619
6299,14619
6300,14619
6301,14619
6302,14620
6303,14621
6304,14622
6305,14622
6306,14622
6307,14622
6308,14624
6309,14624
6310,14624
6311,14624
6312,14625
6313,14625
6314,14625
6315,14627
6316,14627
6317,14627
6318,14627
6319,14627
6320,14628
6321,14629
6322,14629
6323,14630
6324,14630
6325,14630
6326,14630
6327,14631
6328,14631
6329,14633
6330,14633
6331,14635
6332,14636
6333,14636
6334,14636
6335,14637
6336,14638
6337,14639
6338,14640
6339,14640
6340,14642
6341,14643
6342,14643
6343,14643
6344,14643
6345,14643
6346,14644
6347,14644
6348,14646
6349,14646
6350,14646
6351,14646
6352,14647
6353,14647
6354,14647
6355,14647
6356,14647
6357,14648
6358,14648
6359,14648
6360,14648
6361,14649
6362,14651
6363,14652
6364,14653
6365,14653
6366,14653
6367,14654
6368,14654
6369,14655
6370,14656
6371,14656
6372,14656
6373,14657
6374,14657
6375,14658
6376,14658
6377,14661
6378,14661
6379,14662
6380,14664
6381,14664
6382,14664
6383,14664
6384,14665
6385,14666
6386,14666
6387,14667
6388,14667
6389,14667
6390,14669
6391,14669
6392,14670
6393,14670
6394,14671
6395,14671
6396,14671
6397,14672
6398,14672
6399,14672
6400,14672
6401,14673
6402,14673
6403,14673
6404,14674
6405,14675
6406,14675
6407,14675
6408,14676
6409,14676
6410,14676
6411,14678
6412,14678
6413,14679
6414,14680
6415,14680
6416,14680
6417,14681
6418,14681
6419,14682
6420,14682
6421,14683
6422,14683
6423,14683
6424,14683
6425,14684
6426,14684
6427,14684
6428,14684
6429,14684
6430,14685
6431,14685
6432,14685
6433,14685
6434,14687
6435,14688
6436,14688
6437,14688
6438,14689
6439,14689
6440,14689
6441,14691
6442,14691
6443,14691
6444,14692
6445,14692
6446,14692
6447,14692
6448,14693
6449,14693
6450,14693
6451,14693
6452,14693
6453,14693
6454,14694
6455,14696
6456,14696
6457,14696
6458,14696
6459,14696
6460,14696
6461,14697
6462,14697
6463,14697
6464,14699
6465,14699
6466,14699
6467,14699
6468,14700
6469,14700
6470,14701
6471,14701
6472,14701
6473,14702
6474,14703
6475,14703
6476,14704
6477,14704
6478,14704
6479,14706
6480,14706
6481,14707
6482,14708
6483,14710
6484,14711
6485,14711
6486,14711
6487,14712
6488,14712
6489,14715
6490,14715
6491,14715
6492,14716
6493,14717
6494,14717
6495,14717
6496,14718
6497,14718
6498,14718
6499,14718
6500,14719
6501,14719
6502,14719
6503,14722
6504,14722
6505,14724
6506,14725
6507,14725
6508,14728
6509,14728
6510,14728
6511,14729
6512,14729
6513,14729
6514,14730
6515,14730
6516,14731
6517,14733
6518,14733
6519,14734
6520,14734
6521,14735
6522,14736
6523,14736
6524,14737
6525,14737
6526,14737
6527,14738
6528,14738
6529,14738
6530,14739
6531,14740
6532,14740
6533,14742
6534,14742
6535,14743
6536,14743
6537,14743
6538,14744
6539,14744
6540,14744
6541,14744
6542,14744
6543,14746
6544,14746
6545,14748
6546,14748
6547,14748
6548,14749
6549,14751
6550,14751
6551,14751
6552,14752
6553,14753
6554,14753
6555,14753
6556,14754
6557,14754
6558,14754
6559,14755
6560,14755
6561,14755
6562,14756
6563,14756
6564,14757
6565,14757
6566,14757
6567,14757
6568,14758
6569,14758
6570,14758
6571,14758
6572,14758
6573,14760
6574,14760
6575,14760
6576,14760
6577,14761
6578,14761
6579,14762
6580,14762
6581,14762
6582,14762
6583,14763
6584,14763
6585,14763
6586,14763
6587,14764
6588,14764
6589,14764
6590,14764
6591,14764
6592,14765
6593,14766
6594,14766
6595,14766
6596,14766
6597,14767
6598,14767
6599,14769
6600,14769
6601,14770
6602,14770
6603,14770
6604,14770
6605,14770
6606,14771
6607,14771
6608,14771
6609,14772
6610,14772
6611,14772
6612,14772
6613,14773
6614,14773
6615,14774
6616,14774
6617,14774
6618,14774
6619,14774
6620,14775
6621,14775
6622,14775
6623,14775
6624,14775
6625,14776
6626,14776
6627,14776
6628,14778
6629,14779
6630,14779
6631,14779
6632,14779
6633,14780
6634,14780
6635,14780
6636,14781
6637,14781
6638,14781
6639,14781
6640,14781
6641,14781
6642,14782
6643,14782
6644,14782
6645,14783
6646,14783
6647,14783
6648,14784
6649,14784
6650,14784
6651,14784
6652,14785
6653,14785
6654,14785
6655,14787
6656,14787
6657,14788
6658,14789
6659,14789
6660,14790
6661,14790
6662,14791
6663,14792
6664,14792
6665,14792
6666,14794
6667,14794
6668,14796
6669,14796
6670,14796
6671,14796
6672,14796
6673,14797
6674,14797
6675,14798
6676,14798
6677,14799
6678,14799
6679,14800
6680,14800
6681,14800
6682,14801
6683,14801
6684,14801
6685,14801
6686,14801
6687,14802
6688,14803
6689,14804
6690,14806
6691,14806
6692,14806
6693,14806
6694,14807
6695,14807
6696,14810
6697,14810
6698,14811
6699,14811
6700,14812
6701,14812
6702,14812
6703,14813
6704,14813
6705,14813
6706,14813
6707,14816
6708,14816
6709,14818
6710,14820
6711,14820
6712,14821
6713,14821
6714,14821
6715,14821
6716,14821
6717,14822
6718,14822
6719,14822
6720,14822
6721,14822
6722,14822
6723,14824
6724,14826
6725,14826
6726,14826
6727,14827
6728,14827
6729,14827
6730,14828
6731,14828
6732,14828
6733,14828
6734,14829
6735,14829
6736,14829
6737,14829
6738,14830
6739,14830
6740,14830
6741,14831
6742,14833
6743,14833
6744,14834
6745,14834
6746,14835
6747,14836
6748,14836
6749,14836
6750,14837
6751,14837
6752,14837
6753,14838
6754,14839
6755,14840
6756,14842
6757,14842
6758,14842
6759,14842
6760,14842
6761,14842
6762,14842
6763,14842
6764,14843
6765,14844
6766,14845
6767,14846
6768,14846
6769,14847
6770,14847
6771,14848
6772,14848
6773,14848
6774,14848
6775,14848
6776,14849
6777,14849
6778,14849
6779,14849
6780,14852
6781,14852
6782,14853
6783,14853
6784,14854
6785,14854
6786,14855
6787,14855
6788,14856
6789,14857
6790,14857
6791,14857
6792,14858
6793,14858
6794,14858
6795,14860
6796,14860
6797,14860
6798,14861
6799,14861
6800,14862
6801,14862
6802,14862
6803,14862
6804,14862
6805,14862
6806,14864
6807,14866
6808,14866
6809,14866
6810,14866
6811,14866
6812,14867
6813,14867
6814,14867
6815,14870
6816,14870
6817,14871
6818,14872
6819,14873
6820,14874
6821,14875
6822,14875
6823,14875
6824,14876
6825,14876
6826,14876
6827,14878
6828,14878
6829,14878
6830,14878
6831,14878
6832,14878
6833,14879
6834,14880
6835,14880
6836,14880
6837,14880
6838,14881
6839,14882
6840,14884
6841,14884
6842,14885
6843,14885
6844,14887
6845,14887
6846,14887
6847,14887
6848,14887
6849,14887
6850,14888
6851,14888
6852,14888
6853,14889
6854,14889
6855,14889
6856,14889
6857,14890
6858,14891
6859,14891
6860,14891
6861,14892
6862,14892
6863,14894
6864,14897
6865,14897
6866,14897
6867,14897
6868,14897
6869,14898
6870,14898
6871,14899
6872,14899
6873,14900
6874,14900
6875,14901
6876,14902
6877,14902
6878,14902
6879,14902
6880,14902
6881,14902
6882,14902
6883,14904
6884,14904
6885,14906
6886,14906
6887,14906
6888,14906
6889,14907
6890,14907
6891,14908
6892,14908
6893,14908
6894,14909
6895,14909
6896,14909
6897,14910
6898,14910
6899,14911
6900,14911
6901,14912
6902,14912
6903,14913
6904,14913
6905,14915
6906,14915
6907,14915
6908,14916
6909,14916
6910,14917
6911,14917
6912,14918
6913,14918
6914,14918
6915,14919
6916,14919
6917,14921
6918,14921
6919,14921
6920,14921
6921,14922
6922,14922
6923,14922
6924,14922
6925,14922
6926,14924
6927,14924
6928,14926
6929,14926
6930,14927
6931,14927
6932,14928
6933,14928
6934,14928
6935,14929
6936,14929
6937,14930
6938,14930
6939,14930
6940,14931
6941,14933
6942,14933
6943,14933
6944,14934
6945,14935
6946,14937
6947,14938
6948,14938
6949,14938
6950,14940
6951,14942
6952,14943
6953,14943
6954,14944
6955,14945
6956,14945
6957,14946
6958,14946
6959,14947
6960,14947
6961,14947
6962,14947
6963,14947
6964,14948
6965,14948
6966,14948
6967,14949
6968,14949
6969,14951
6970,14951
6971,14953
6972,14953
6973,14953
6974,14954
6975,14954
6976,14955
6977,14955
6978,14955
6979,14956
6980,14956
6981,14957
6982,14957
6983,14957
6984,14958
6985,14958
6986,14960
6987,14960
6988,14961
6989,14961
6990,14961
6991,14962
6992,14963
6993,14963
6994,14965
6995,14965
6996,14965
6997,14966
6998,14966
6999,14967
7000,14967
7001,14969
7002,14969
7003,14970
7004,14970
7005,14972
7006,14973
7007,14973
7008,14973
7009,14973
7010,14973
7011,14974
7012,14974
7013,14975
7014,14975
7015,14975
7016,14976
7017,14976
7018,14978
7019,14978
7020,14981
7021,14982
7022,14982
7023,14982
7024,14982
7025,14983
7026,14983
7027,14984
7028,14985
7029,14985
7030,14985
7031,14988
7032,14988
7033,14988
7034,14988
7035,14988
7036,14989
7037,14990
7038,14990
7039,14991
7040,14992
7041,14993
7042,14993
7043,14993
7044,14994
7045,14994
7046,14994
7047,14994
7048,14994
7049,14996
7050,14996
7051,14996
7052,14998
7053,14998
7054,14998
7055,14999
7056,14999
7057,15000
7058,15001
7059,15002
7060,15003
7061,15003
7062,15003
7063,15004
7064,15004
7065,15004
7066,15004
7067,15006
7068,15007
7069,15007
7070,15008
7071,15008
7072,15009
7073,15009
7074,15010
7075,15010
7076,15011
7077,15011
7078,15012
7079,15013
7080,15013
7081,15015
7082,15017
7083,15017
7084,15019
7085,15020
7086,15020
7087,15024
7088,15024
7089,15026
7090,15027
7091,15027
7092,15028
7093,15028
7094,15028
7095,15029
7096,15029
7097,15029
7098,15030
7099,15030
7100,15030
7101,15030
7102,15031
7103,15031
7104,15033
7105,15034
7106,15034
7107,15034
7108,15034
7109,15034
7110,15034
7111,15035
7112,15035
7113,15036
7114,15037
7115,15037
7116,15037
7117,15037
7118,15038
7119,15038
7120,15039
7121,15039
7122,15039
7123,15040
7124,15040
7125,15040
7126,15040
7127,15042
7128,15042
7129,15042
7130,15043
7131,15043
7132,15045
7133,15045
7134,15046
7135,15046
7136,15047
7137,15047
7138,15048
7139,15049
7140,15052
7141,15052
7142,15052
7143,15052
7144,15053
7145,15054
7146,15054
7147,15056
7148,15056
7149,15057
7150,15060
7151,15060
7152,15060
7153,15061
7154,15062
7155,15063
7156,15063
7157,15064
7158,15064
7159,15064
7160,15064
7161,15065
7162,15065
7163,15065
7164,15066
7165,15067
7166,15067
7167,15067
7168,15069
7169,15069
7170,15070
7171,15071
7172,15074
7173,15075
7174,15075
7175,15075
7176,15075
7177,15076
7178,15076
7179,15078
7180,15078
7181,15078
7182,15079
7183,15079
7184,15080
7185,15080
7186,15081
7187,15081
7188,15081
7189,15083
7190,15083
7191,15083
7192,15085
7193,15085
7194,15087
7195,15088
7196,15088
7197,15088
7198,15089
7199,15090
7200,15091
7201,15092
7202,15093
7203,15094
7204,15094
7205,15096
7206,15098
7207,15098
7208,15098
7209,15098
7210,15098
7211,15099
7212,15099
7213,15099
7214,15100
7215,15101
7216,15101
7217,15101
7218,15102
7219,15102
7220,15103
7221,15104
7222,15106
7223,15106
7224,15107
7225,15109
7226,15110
7227,15111
7228,15111
7229,15112
7230,15112
7231,15113
7232,15115
7233,15116
7234,15116
7235,15117
7236,15117
7237,15117
7238,15117
7239,15117
7240,15118
7241,15118
7242,15119
7243,15120
7244,15120
7245,15122
7246,15124
7247,15125
7248,15125
7249,15125
7250,15126
7251,15127
7252,15127
7253,15127
7254,15129
7255,15130
7256,15130
7257,15133
7258,15133
7259,15134
7260,15134
7261,15134
7262,15134
7263,15135
7264,15135
7265,15136
7266,15136
7267,15137
7268,15137
7269,15138
7270,15140
7271,15140
7272,15140
7273,15140
7274,15142
7275,15143
7276,15143
7277,15144
7278,15144
7279,15145
7280,15145
7281,15145
7282,15146
7283,15147
7284,15147
7285,15148
7286,15149
7287,15151
7288,15151
7289,15152
7290,15154
7291,15155
7292,15156
7293,15156
7294,15157
7295,15157
7296,15157
7297,15160
7298,15161
7299,15161
7300,15162
7301,15163
7302,15163
7303,15163
7304,15165
7305,15166
7306,15166
7307,15167
7308,15167
7309,15167
7310,15167
7311,15169
7312,15169
7313,15169
7314,15169
7315,15171
7316,15171
7317,15172
7318,15172
7319,15173
7320,15173
7321,15176
7322,15178
7323,15179
7324,15179
7325,15179
7326,15179
7327,15180
7328,15181
7329,15183
7330,15184
7331,15184
7332,15184
7333,15184
7334,15185
7335,15187
7336,15188
7337,15188
7338,15190
7339,15191
7340,15191
7341,15193
7342,15194
7343,15194
7344,15194
7345,15196
7346,15197
7347,15197
7348,15198
7349,15199
7350,15200
7351,15201
7352,15201
7353,15201
7354,15202
7355,15203
7356,15203
7357,15203
7358,15204
7359,15204
7360,15206
7361,15206
7362,15207
7363,15207
7364,15208
7365,15208
7366,15208
7367,15209
7368,15209
7369,15210
7370,15211
7371,15213
7372,15215
7373,15215
7374,15217
7375,15218
7376,15218
7377,15218
7378,15218
7379,15219
7380,15220
7381,15220
7382,15222
7383,15222
7384,15222
7385,15224
7386,15225
7387,15226
7388,15226
7389,15226
7390,15227
7391,15228
7392,15229
7393,15229
7394,15230
7395,15231
7396,15231
7397,15231
7398,15231
7399,15233
7400,15233
7401,15234
7402,15234
7403,15234
7404,15234
7405,15235
7406,15235
7407,15236
7408,15236
7409,15236
7410,15236
7411,15240
7412,15240
7413,15240
7414,15242
7415,15242
7416,15243
7417,15244
7418,15245
7419,15245
7420,15245
7421,15246
7422,15246
7423,15247
7424,15247
7425,15247
7426,15247
7427,15247
7428,15251
7429,15251
7430,15252
7431,15252
7432,15252
7433,15254
7434,15254
7435,15255
7436,15256
7437,15256
7438,15256
7439,15256
7440,15257
7441,15257
7442,15258
7443,15260
7444,15262
7445,15262
7446,15262
7447,15263
7448,15263
7449,15264
7450,15264
7451,15264
7452,15265
7453,15265
7454,15265
7455,15265
7456,15266
7457,15267
7458,15267
7459,15269
7460,15270
7461,15270
7462,15272
7463,15273
7464,15273
7465,15275
7466,15275
7467,15276
7468,15278
7469,15278
7470,15279
7471,15279
7472,15281
7473,15282
7474,15282
7475,15283
7476,15284
7477,15284
7478,15285
7479,15285
7480,15287
7481,15288
7482,15289
7483,15290
7484,15290
7485,15291
7486,15291
7487,15293
7488,15293
7489,15293
7490,15296
7491,15296
7492,15297
7493,15297
7494,15299
7495,15299
7496,15300
7497,15301
7498,15301
7499,15301
7500,15302
7501,15306
7502,15307
7503,15307
7504,15308
7505,15308
7506,15309
7507,15310
7508,15310
7509,15311
7510,15311
7511,15311
7512,15312
7513,15313
7514,15315
7515,15316
7516,15316
7517,15316
7518,15318
7519,15318
7520,15319
7521,15320
7522,15320
7523,15321
7524,15321
7525,15322
7526,15324
7527,15325
7528,15325
7529,15326
7530,15326
7531,15326
7532,15326
7533,15327
7534,15328
7535,15328
7536,15333
7537,15333
7538,15334
7539,15334
7540,15334
7541,15334
7542,15334
7543,15335
7544,15335
7545,15335
7546,15337
7547,15337
7548,15337
7549,15337
7550,15338
7551,15339
7552,15344
7553,15345
7554,15345
7555,15348
7556,15351
7557,15352
7558,15353
7559,15353
7560,15353
7561,15354
7562,15355
7563,15356
7564,15357
7565,15358
7566,15358
7567,15358
7568,15363
7569,15365
7570,15365
7571,15365
7572,15366
7573,15367
7574,15369
7575,15369
7576,15370
7577,15371
7578,15372
7579,15372
7580,15372
7581,15374
7582,15375
7583,15376
7584,15376
7585,15378
7586,15379
7587,15379
7588,15379
7589,15379
7590,15381
7591,15381
7592,15382
7593,15383
7594,15384
7595,15384
7596,15385
7597,15385
7598,15385
7599,15387
7600,15388
7601,15388
7602,15389
7603,15389
7604,15390
7605,15392
7606,15393
7607,15393
7608,15394
7609,15394
7610,15396
7611,15397
7612,15398
7613,15399
7614,15401
7615,15402
7616,15402
7617,15402
7618,15404
7619,15406
7620,15407
7621,15408
7622,15408
7623,15408
7624,15408
7625,15410
7626,15410
7627,15411
7628,15411
7629,15412
7630,15412
7631,15413
7632,15413
7633,15413
7634,15415
7635,15417
7636,15419
7637,15420
7638,15420
7639,15421
7640,15424
7641,15424
7642,15425
7643,15425
7644,15427
7645,15429
7646,15431
7647,15433
7648,15433
7649,15434
7650,15434
7651,15435
7652,15438
7653,15438
7654,15442
7655,15446
7656,15447
7657,15448
7658,15451
7659,15451
7660,15452
7661,15453
7662,15454
7663,15455
7664,15456
7665,15457
7666,15457
7667,15458
7668,15460
7669,15460
7670,15460
7671,15461
7672,15461
7673,15462
7674,15464
7675,15465
7676,15466
7677,15466
7678,15467
7679,15469
7680,15472
7681,15473
7682,15475
7683,15479
7684,15481
7685,15481
7686,15483
7687,15485
7688,15487
7689,15487
7690,15488
7691,15490
7692,15490
7693,15491
7694,15492
7695,15494
7696,15494
7697,15498
7698,15499
7699,15500
7700,15500
7701,15502
7702,15503
7703,15504
7704,15507
7705,15507
7706,15510
7707,15510
7708,15513
7709,15517
7710,15517
7711,15518
7712,15522
7713,15525
7714,15526
7715,15527
7716,15528
7717,15528
7718,15529
7719,15534
7720,15534
7721,15536
7722,15536
7723,15542
7724,15542
7725,15542
7726,15544
7727,15544
7728,15544
7729,15545
7730,15545
7731,15547
7732,15547
7733,15548
7734,15551
7735,15552
7736,15552
7737,15553
7738,15553
7739,15556
7740,15560
7741,15561
7742,15561
7743,15561
7744,15565
7745,15570
7746,15571
7747,15572
7748,15576
7749,15579
7750,15580
7751,15582
7752,15582
7753,15584
7754,15584
7755,15588
7756,15590
7757,15593
7758,15594
7759,15599
7760,15601
7761,15604
7762,15604
7763,15608
7764,15609
7765,15610
7766,15611
7767,15611
7768,15616
7769,15616
7770,15616
7771,15616
7772,15620
7773,15622
7774,15624
7775,15625
7776,15626
7777,15626
7778,15633
7779,15634
7780,15634
7781,15635
7782,15635
7783,15640
7784,15643
7785,15644
7786,15646
7787,15647
7788,15649
7789,15652
7790,15654
7791,15655
7792,15656
7793,15658
7794,15660
7795,15661
7796,15662
7797,15663
7798,15663
7799,15666
7800,15666
7801,15666
7802,15667
7803,15671
7804,15674
7805,15675
7806,15676
7807,15676
7808,15676
7809,15679
7810,15680
7811,15680
7812,15681
7813,15682
7814,15684
7815,15685
7816,15685
7817,15687
7818,15689
7819,15691
7820,15691
7821,15693
7822,15693
7823,15696
7824,15696
7825,15698
7826,15699
7827,15700
7828,15701
7829,15703
7830,15703
7831,15708
7832,15709
7833,15712
7834,15720
7835,15721
7836,15725
7837,15726
7838,15730
7839,15733
7840,15733
7841,15734
7842,15737
7843,15738
7844,15739
7845,15748
7846,15752
7847,15753
7848,15756
7849,15762
7850,15762
7851,15763
7852,15766
7853,15767
7854,15767
7855,15767
7856,15769
7857,15770
7858,15770
7859,15774
7860,15774
7861,15774
7862,15775
7863,15775
7864,15778
7865,15781
7866,15782
7867,15782
7868,15784
7869,15784
7870,15785
7871,15790
7872,15793
7873,15798
7874,15799
7875,15799
7876,15799
7877,15800
7878,15808
7879,15810
7880,15812
7881,15812
7882,15815
7883,15820
7884,15821
7885,15822
7886,15825
7887,15827
7888,15828
7889,15829
7890,15834
7891,15834
7892,15837
7893,15842
7894,15844
7895,15844
7896,15844
7897,15845
7898,15845
7899,15845
7900,15846
7901,15851
7902,15851
7903,15852
7904,15852
7905,15855
7906,15857
7907,15858
7908,15860
7909,15861
7910,15861
7911,15861
7912,15861
7913,15861
7914,15862
7915,15870
7916,15870
7917,15871
7918,15871
7919,15872
7920,15872
7921,15873
7922,15873
7923,15873
7924,15874
7925,15874
7926,15874
7927,15876
7928,15876
7929,15878
7930,15879
7931,15880
7932,15883
7933,15883
7934,15887
7935,15888
7936,15889
7937,15890
7938,15892
7939,15893
7940,15896
7941,15897
7942,15897
7943,15898
7944,15898
7945,15899
7946,15900
7947,15901
7948,15903
7949,15906
7950,15907
7951,15910
7952,15911
7953,15915
7954,15915
7955,15916
7956,15916
7957,15917
7958,15918
7959,15920
7960,15920
7961,15921
7962,15925
7963,15926
7964,15929
7965,15930
7966,15931
7967,15935
7968,15935
7969,15936
7970,15937
7971,15937
7972,15942
7973,15943
7974,15945
7975,15945
7976,15946
7977,15951
7978,15953
7979,15953
7980,15954
7981,15954
7982,15954
7983,15957
7984,15958
7985,15960
7986,15961
7987,15966
7988,15966
7989,15973
7990,15979
7991,15980
7992,15982
7993,15988
7994,15991
7995,15994
7996,15996
7997,15997
7998,15999
7999,16000
8000,16001
8001,16002
8002,16003
8003,16007
8004,16008
8005,16010
8006,16011
8007,16012
8008,16012
8009,16018
8010,16020
8011,16021
8012,16025
8013,16026
8014,16028
8015,16029
8016,16029
8017,16031
8018,16031
8019,16034
8020,16034
8021,16037
8022,16037
8023,16042
8024,16046
8025,16047
8026,16048
8027,16052
8028,16053
8029,16056
8030,16060
8031,16060
8032,16061
8033,16062
8034,16063
8035,16065
8036,16065
8037,16067
8038,16071
8039,16071
8040,16075
8041,16076
8042,16078
8043,16080
8044,16083
8045,16083
8046,16084
8047,16087
8048,16087
8049,16088
8050,16089
8051,16090
8052,16090
8053,16092
8054,16092
8055,16093
8056,16099
8057,16099
8058,16100
8059,16101
8060,16101
8061,16102
8062,16102
8063,16104
8064,16106
8065,16108
8066,16109
8067,16115
8068,16116
8069,16117
8070,16117
8071,16118
8072,16121
8073,16121
8074,16128
8075,16129
8076,16129
8077,16131
8078,16135
8079,16137
8080,16138
8081,16139
8082,16140
8083,16142
8084,16143
8085,16144
8086,16149
8087,16157
8088,16160
8089,16162
8090,16162
8091,16164
8092,16167
8093,16167
8094,16169
8095,16169
8096,16175
8097,16176
8098,16180
8099,16181
8100,16183
8101,16183
8102,16184
8103,16185
8104,16185
8105,16188
8106,16190
8107,16196
8108,16197
8109,16198
8110,16198
8111,16200
8112,16200
8113,16202
8114,16204
8115,16206
8116,16208
8117,16208
8118,16208
8119,16209
8120,16212
8121,16212
8122,16213
8123,16215
8124,16215
8125,16215
8126,16216
8127,16217
8128,16217
8129,16224
8130,16226
8131,16229
8132,16229
8133,16229
8134,16234
8135,16234
8136,16235
8137,16236
8138,16238
8139,16238
8140,16240
8141,16245
8142,16251
8143,16252
8144,16254
8145,16255
8146,16256
8147,16260
8148,16261
8149,16262
8150,16264
8151,16264
8152,16265
8153,16267
8154,16270
8155,16272
8156,16272
8157,16273
8158,16273
8159,16280
8160,16280
8161,16282
8162,16282
8163,16284
8164,16285
8165,16294
8166,16297
8167,16297
8168,16297
8169,16297
8170,16299
8171,16301
8172,16304
8173,16308
8174,16309
8175,16311
8176,16312
8177,16313
8178,16313
8179,16315
8180,16316
8181,16318
8182,16324
8183,16325
8184,16326
8185,16326
8186,16326
8187,16327
8188,16329
8189,16330
8190,16331
8191,16331
8192,16331
8193,16334
8194,16335
8195,16336
8196,16337
8197,16338
8198,16338
8199,16340
8200,16343
8201,16344
8202,16345
8203,16346
8204,16348
8205,16349
8206,16349
8207,16349
8208,16351
8209,16351
8210,16353
8211,16353
8212,16354
8213,16354
8214,16355
8215,16356
8216,16360
8217,16360
8218,16361
8219,16361
8220,16363
8221,16366
8222,16370
8223,16373
8224,16374
8225,16375
8226,16375
8227,16375
8228,16378
8229,16378
8230,16380
8231,16383
8232,16383
8233,16383
8234,16388
8235,16391
8236,16392
8237,16392
8238,16399
8239,16399
8240,16400
8241,16404
8242,16404
8243,16404
8244,16406
8245,16411
8246,16411
8247,16415
8248,16416
8249,16416
8250,16417
8251,16418
8252,16418
8253,16419
8254,16420
8255,16422
8256,16422
8257,16424
8258,16425
8259,16425
8260,16425
8261,16427
8262,16428
8263,16428
8264,16428
8265,16429
8266,16430
8267,16431
8268,16431
8269,16431
8270,16431
8271,16433
8272,16433
8273,16435
8274,16435
8275,16437
8276,16437
8277,16440
8278,16442
8279,16445
8280,16445
8281,16447
8282,16447
8283,16447
8284,16447
8285,16448
8286,16454
8287,16454
8288,16454
8289,16454
8290,16457
8291,16458
8292,16461
8293,16464
8294,16464
8295,16465
8296,16466
8297,16469
8298,16470
8299,16472
8300,16473
8301,16474
8302,16476
8303,16476
8304,16478
8305,16478
8306,16480
8307,16481
8308,16481
8309,16482
8310,16488
8311,16490
8312,16492
8313,16498
8314,16501
8315,16501
8316,16502
8317,16503
8318,16504
8319,16507
8320,16508
8321,16513
8322,16519
8323,16519
8324,16520
8325,16520
8326,16524
8327,16525
8328,16526
8329,16531
8330,16538
8331,16539
8332,16540
8333,16542
8334,16545
8335,16548
8336,16551
8337,16556
8338,16557
8339,16558
8340,16560
8341,16561
8342,16561
8343,16563
8344,16563
8345,16564
8346,16565
8347,16565
8348,16566
8349,16566
8350,16570
8351,16570
8352,16571
8353,16572
8354,16573
8355,16574
8356,16575
8357,16576
8358,16576
8359,16580
8360,16585
8361,16585
8362,16587
8363,16588
8364,16588
8365,16588
8366,16590
8367,16590
8368,16592
8369,16594
8370,16596
8371,16596
8372,16597
8373,16599
8374,16600
8375,16600
8376,16600
8377,16601
8378,16601
8379,16602
8380,16602
8381,16603
8382,16606
8383,16606
8384,16610
8385,16610
8386,16613
8387,16616
8388,16618
8389,16618
8390,16618
8391,16620
8392,16622
8393,16627
8394,16630
8395,16631
8396,16633
8397,16634
8398,16635
8399,16637
8400,16638
8401,16638
8402,16639
8403,16639
8404,16643
8405,16645
8406,16647
8407,16647
8408,16648
8409,16648
8410,16653
8411,16654
8412,16656
8413,16656
8414,16657
8415,16658
8416,16666
8417,16667
8418,16673
8419,16678
8420,16678
8421,16679
8422,16681
8423,16683
8424,16684
8425,16690
8426,16697
8427,16697
8428,16702
8429,16702
8430,16702
8431,16706
8432,16706
8433,16707
8434,16708
8435,16708
8436,16708
8437,16709
8438,16711
8439,16713
8440,16715
8441,16716
8442,16717
8443,16717
8444,16721
8445,16722
8446,16724
8447,16728
8448,16728
8449,16729
8450,16730
8451,16736
8452,16738
8453,16739
8454,16740
8455,16743
8456,16743
8457,16743
8458,16744
8459,16745
8460,16752
8461,16756
8462,16757
8463,16760
8464,16760
8465,16761
8466,16761
8467,16762
8468,16765
8469,16766
8470,16766
8471,16774
8472,16775
8473,16776
8474,16778
8475,16778
8476,16778
8477,16780
8478,16781
8479,16783
8480,16787
8481,16787
8482,16788
8483,16788
8484,16788
8485,16789
8486,16792
8487,16798
8488,16799
8489,16799
8490,16807
8491,16811
8492,16816
8493,16818
8494,16818
8495,16824
8496,16825
8497,16829
8498,16831
8499,16834
8500,16834
8501,16835
8502,16835
8503,16835
8504,16837
8505,16837
8506,16838
8507,16843
8508,16845
8509,16847
8510,16848
8511,16848
8512,16848
8513,16849
8514,16852
8515,16855
8516,16857
8517,16861
8518,16863
8519,16864
8520,16864
8521,16872
8522,16872
8523,16873
8524,16876
8525,16879
8526,16880
8527,16881
8528,16883
8529,16883
8530,16885
8531,16890
8532,16896
8533,16897
8534,16898
8535,16899
8536,16899
8537,16899
8538,16900
8539,16901
8540,16902
8541,16902
8542,16903
8543,16903
8544,16906
8545,16909
8546,16911
8547,16912
8548,16915
8549,16916
8550,16919
8551,16920
8552,16922
8553,16925
8554,16926
8555,16927
8556,16928
8557,16930
8558,16934
8559,16936
8560,16939
8561,16940
8562,16940
8563,16942
8564,16943
8565,16948
8566,16949
8567,16954
8568,16954
8569,16970
8570,16970
8571,16972
8572,16972
8573,16978
8574,16979
8575,16980
8576,16982
8577,16983
8578,16989
8579,16992
8580,16993
8581,16997
8582,16998
8583,16999
8584,17003
8585,17004
8586,17009
8587,17011
8588,17011
8589,17015
8590,17016
8591,17017
8592,17019
8593,17025
8594,17026
8595,17027
8596,17028
8597,17029
8598,17029
8599,17034
8600,17036
8601,17042
8602,17048
8603,17055
8604,17055
8605,17057
8606,17064
8607,17066
8608,17070
8609,17071
8610,17073
8611,17074
8612,17076
8613,17080
8614,17090
8615,17091
8616,17092
8617,17093
8618,17094
8619,17096
8620,17096
8621,17096
8622,17100
8623,17107
8624,17107
8625,17112
8626,17117
8627,17119
8628,17121
8629,17126
8630,17127
8631,17128
8632,17129
8633,17129
8634,17129
8635,17129
8636,17133
8637,17133
8638,17134
8639,17135
8640,17140
8641,17140
8642,17145
8643,17146
8644,17146
8645,17152
8646,17165
8647,17166
8648,17173
8649,17173
8650,17174
8651,17175
8652,17176
8653,17176
8654,17179
8655,17192
8656,17193
8657,17197
8658,17200
8659,17201
8660,17202
8661,17208
8662,17208
8663,17213
8664,17218
8665,17229
8666,17233
8667,17240
8668,17243
8669,17247
8670,17265
8671,17270
8672,17271
8673,17271
8674,17274
8675,17276
8676,17329
8677,17330
8678,17333
8679,17337
8680,17346
8681,17355
8682,17355
8683,17358
8684,17362
8685,17364
8686,17366
8687,17367
8688,17380
8689,17381
8690,17390
8691,17391
8692,17392
8693,17396
8694,17402
8695,17410
8696,17412
8697,17412
8698,17415
8699,17421
8700,17431
8701,17438
8702,17457
8703,17462
8704,17464
8705,17483
8706,17504
8707,17508
8708,17512
8709,17516
8710,17516
8711,17518
8712,17519
8713,17526
8714,17526
8715,17543
8716,17544
8717,17549
8718,17555
8719,17555
8720,17561
8721,17567
8722,17572
8723,17574
8724,17575
8725,17579
8726,17580
8727,17589
8728,17594
8729,17601
8730,17604
8731,17611
8732,17631
8733,17631
8734,17637
8735,17643
8736,17656
8737,17660
8738,17694
8739,17694
8740,17704
8741,17713
8742,17752
8743,17779
8744,17837
8745,17839
8746,17851
8747,17901
8748,17948
8749,17955
8750,18143
8751,18147
8752,18158
8753,18160
8754,18174
8755,18212
8756,18217
8757,18233
8758,18308
8759,18335
8760,18460
